conversation_id,customer_tweet_id,brand_tweet_id,customer_text,brand_text,detected_language,customer_length,intent
2979583,2979582,2979584,"@AmazonHelp Thanks, many many ongoing issues with delays dispatching orders, missing orders, poor packaging resulting in items being lost in transit and just outright rude support sadly. Was told by a rep today that ""I shouldnt have gotten a free month of prime as compensation""",@821742 Oh my! I'm terribly sorry for the poor experience. This isn't what we hope for! Is one of your current order delayed or missing? ^HS,Language.ENGLISH,278,
535034,535032,535030,@AmazonHelp This is what shows up when I check the order https://t.co/RuLz6Ebmby,@236715 I'm sorry to hear of the delay. Please keep us informed about this and don't hesitate to reach us if you have any further issues with the order.^PJ,Language.ENGLISH,80,
1010409,1010411,1010412,"@AmazonHelp FedEx. It seems to be fixed, but the process was awful. We were questioned over and over, and it was extremely frustrating.",@359090 We'd like to submit your feedback to our delivery team for review please send us an email here: https://t.co/hApLpMlfHN ^KP,Language.ENGLISH,135,
784351,784351,784352,@115850 is #AmazonMusic is coming to India anytime soon?,@307191 available on the device including Amazon Prime Music.  Please stay tuned to our social pages for an update. 2/2 ^AB,Language.ENGLISH,56,
362419,362415,362416,@AmazonHelp Haha..i want know in more detailed..prize date i know 15 nov,"@201409 Please find the more details about the promotion, here: https://t.co/tWCwbgpIXo. ^YP",Language.ENGLISH,72,
321956,321956,321955,"bcoz @115850  has policies to not disclose resolution or action of previous complaint against delivery boys/employees to victims.
(2/n)","@192706 My apologies for the trouble with the delivery, we're following up with your concern via DM. ^HA",Language.ENGLISH,135,
352080,352080,352081,@115850 Paid 255 for order which was cancelled from your customer service guys coz of issue during transit. Now I am being refunded 216 https://t.co/IKgCUHXX1f,@199739 I'm sorry for the ordeal you are facing with this order. Please fill this form right away: https://t.co/beaaDm0muc. (1/2) ^SI,Language.ENGLISH,159,
849747,849747,849745,@115850 my order has to be delivered today But it didn't When I tracked it says 'Delay delivery on customer request'which cust requested?,@321916 Sorry for the delay in delivery. Please report this to our support team here: https://t.co/vlvfJr4nN9 and we'll check this. ^HN,Language.ENGLISH,137,
865815,1330199,1330200,"@AmazonHelp I have already given my registered email id, which I suppose unique. You can find out my entire details with it as at Amazon I know email id is like a customer I'd. Please do not try to play around you will not be successful. Amazon by doing all this is accepting it is a fraud Co","@270757 As informed earlier, we will only be able to assist once we receive your details via the link shared earlier. Appreciate your understanding. ^MP",Language.ENGLISH,292,
2940242,2940241,2940243,@AmazonHelp Cant get help from there.. pls chk what i have written.. i am unable to access my mail and Account also.. so no way to chat or email..cant even call,@812620 I understand your concern regarding the account. Our account specialist team will be glad to assist you with this. Please request a call back from the specialist team by punching your contact number here: https://t.co/ER71rChQNk. ^BV,Language.ENGLISH,160,
18392,18382,18386,"@AmazonHelp So this order 407-7402036-7182732
Placed on 30th and supposed to reach me on 2nd  November
Now is this as per amazon prime delivery std ??",@120086 I'm sorry you had an unpleasant experience regarding the delivery. I would pass on your comments as feedback to our team 1/3 ^SB,Language.ENGLISH,150,
2032943,2032942,2032944,"@AmazonHelp Is Amazon hiring for graphic designer‘s, web designers and or musicians for royalty free music? I’m currently looking for some work.","@123380 Hello! To apply for a job, visit our website at https://t.co/c6eRLJ1Dih You can search for any positions currently available. Good luck! ^DA",Language.ENGLISH,144,
812426,812430,812431,@AmazonHelp 8 days is slightly ?,"@313585 If the item is from a third party seller, then yes, there is a longer waiting time for your item. Please keep us posted on any updated tracking information. ^GP",Language.ENGLISH,32,
2762062,2762066,2762067,@AmazonHelp Confused. Was it ever in stock?. How come other retailers have stock?.,@772737 Was it a pre-order Mark? ^BD,Language.ENGLISH,82,
280144,280140,280139,@AmazonHelp thank you,@182769 You're welcome Nadia. ^NV,Language.ENGLISH,21,
1349146,1349146,1349145,When you order lightning chargers from @115821 because you’re down to one broken one and someone steals them out of your mailbox 😫😫😫,@434621 I'm sorry to hear this! We'd like to look into a resolution for this with you. Please click here: https://t.co/hApLpMlfHN ^TH,Language.ENGLISH,132,
1439759,1439759,1439758,When you're excited for your @115830 order and you get delivered an empty box. Why does this always happen to me!? https://t.co/tfRbcc9S8Z,@454117 Oh no! That's not what we like to see! Please reach out to us here: https://t.co/JzP7hlA23B and we can help with this. ^TK,Language.ENGLISH,138,
2962775,2962774,2962776,@AmazonHelp Is this a new thing you do now? Cause that did not happen when I bought mine and I didn't mark it as a gift either.,"@817538 When an Amazon device is purchased, it's automatically registered to that account unless it's marked as a gift; however, the device can be deregistered from that account and registered to another one using steps given in the link provided above.  ^SE",Language.ENGLISH,127,
2296058,2296058,2296057,"@115823 Impressive. I've been trying to sign up for almost four months now, and still can't get your support to approve my account.",@666648 I'm sorry for any difficulties. Without disclosing your personal information. Will you tell us more about the issue you're experiencing with creating an Amazon Pay account? What suggestions were offered when you spoke to support? ^SK,Language.ENGLISH,131,
2931352,2931354,2931355,@AmazonHelp @115851  But what about my product. Because of ypur glitch you want me to suffer. I want that product at same price i ordered,"@810811 I could understand how upsetting it is. However, once an order is canceled we do not reinstate the same order. Please place a new order for the same.  We have forwarded your feedback internally to review. Appreciate your understanding. ^BS",Language.ENGLISH,137,
423838,423837,423836,"@115821 @115821 customer care person response ""write negative review comments but we will not take it back"".",@215894 I'm sorry to know this. Please provide the necessary information here: https://t.co/GIJyeYqKE0 and we'll be right on it. ^MP,Language.ENGLISH,108,
2568062,2568061,2568063,@AmazonHelp Is it possible to get the voucher transferred to use in my own country store?,@122783 We'd be happy take a closer look with you. Please reach us by phone or chat when you have a moment: https://t.co/JzP7hlA23B ^HS,Language.ENGLISH,89,
2596332,2596332,2596331,@115821 I paid extra for one day shipping. It’s been more than a day - can I get my money back??,@735141 I'm sorry for the inconvenience! Have we missed the estimated delivery date for your order here: https://t.co/Y5jpI9gRhE ^TN,Language.ENGLISH,96,
972677,972729,972731,"@AmazonHelp register mobile-9414609031
mail __email__
KEDAR NATH VERMA
LENOVO K4 VIBE PURCHAGE DATE-1 OCT2016
NOT GIVE 15+5% CASH",@350714 Kindly drop in your details through the secure link mentioned above. Please don’t provide your order/account details [1/2],Language.ENGLISH,129,
64002,69685,69687,"@AmazonHelp @115850 Guys FOLLOW UP. I was called up by courier boy and told that money will get uploaded. WITHOUT any pressure, this SCAM is not going to end #AmazonFails #AmazonFraud #AmazonPay #AmazonPayQuiz @115851",@130696 I'm sorry about the delay. Kindly reply to the correspondence that we've sent. We'll check this for you. ^SG,Language.ENGLISH,217,
689449,689458,689459,"@AmazonHelp Hi, call done, they told it will be delivered tomorrow for sure but they can't guarantee the time. My concern if it's delivered after noon i can't pick it up from locker:( i am clueless what to do","@284753 I'm sorry for the delay! I'd like to have a member of our team look into this. When you have a moment, please send us the order and tracking details here: https://t.co/3ki77nSAvL ^SB",Language.ENGLISH,208,
755731,755731,755732,@115821 really slipping with Prime. Apparently a week = 2 days in their world. Good thing I ordered early and not rely on “2 day” shipping https://t.co/NJEs96FxjL,@300632 I'm sorry for the wait. Two-Day Shipping refers to the transit time in business days after your order has shipped. 1/2,Language.ENGLISH,162,
1216236,1216236,1216238,@AmazonHelp ORDER # 408-2880201-2425928. Need urgent support on this. It shows 27-Nov delivery date. Need this within a week. Plz do needful,"@405392 We understand your concern, Manish. We wouldn't be able to expedite the shipping process. (1/3) ^SV",Language.ENGLISH,140,
2904965,2904999,2905000,@AmazonHelp Ok but will it be sorted??,@134104 We can't check into any specific information regarding your order through social media. Please use the above link to contact us directly if needed. ^GS,Language.ENGLISH,38,
991680,991694,991695,@AmazonHelp It's still showing as expected on the 16th https://t.co/PGengbo8Sx,"@326607 Hello, have you been in contact with a customer agent today ? You can reach one via chat here: https://t.co/JzP7hlA23B ^CR",Language.ENGLISH,78,
2459113,2459109,2459107,@AmazonHelp That it will be delivered Thursday. I ordered them Monday.,@195909 What was the original delivery date we provided in your order confirmation e-mail: https://t.co/Qzt6TZQUJW? Has this changed? ^CL,Language.ENGLISH,70,
2674339,2674339,2674338,@115821 what should I do with this 😡😡😡 https://t.co/yCdYV9k4Z8,@752853 What is the last update on the tracking for the package? Did you receive an email regarding a delay? ^BA,Language.ENGLISH,62,
1569591,1604952,1663570,@115821 @115850 @AmazonHelp @115851 The same copy-paste of info isnt helping me! You've NOT refunded my money. Why r you not providing 16 digit URN number as mandated by RBI?,@484127 I'm sorry but the resolution provided to you via email is the best and we'll not be able to provide any further insights. ^AM,Language.ENGLISH,174,
2899670,2899676,2899677,@AmazonHelp I was provided that I’ll get refunded for norton because when I downloaded it didn’t connect to the server,@363330 I'm afraid we can't see account details here on Twitter but please don't hesitate to reach out once more so we can double check that refund: https://t.co/hApLpMlfHN ^BG,Language.ENGLISH,118,
1055275,1055264,1055267,"@AmazonHelp I can't explain the entire issue here, could you please make a call so that I can explain the entire issue? That will be easier.","@369338 Being on social platform, we won't be able to contact you from here. Please share your details ^VN (1/2)",Language.ENGLISH,140,
935845,935845,935844,@115850 I have not yet received my refund of Rs.499 for PRIME Cancellation. Reply ASAP,@341863 Sorry about the delay in your refund. May I know if you've reported this to our support team here: https://t.co/vlvfJr4nN9?^SQ,Language.ENGLISH,86,
231700,231696,231698,"@AmazonHelp A DM has been sent, just a moment ago!",@171186 Sorry for the delay. Thank you for informing. We will look into it and get in touch with you soon. ^GU,Language.ENGLISH,50,
469695,469707,469708,@AmazonHelp Hey!! Please Read the earlier message’s. It mentions very clearly all the possible way of communication has been done thru the link!! Its shocking it took 72 hrs for you guys to do the pick up!! Hope its clear!! Product has been picked last night,@226840 If you've already replied to the email sent by our team after your sharing your details. I'm sure our team would resolve your query soon. ^VM,Language.ENGLISH,258,
1570839,1570839,1570838,"okay @115821 I ordered a package and I never got it but it said ""delivered"" IM FED UP @115821 @amazonhelp",@484389 Sorry to hear that. Get in touch here:  https://t.co/hApLpMlfHN  and we'll be happy to help. ^RS,Language.ENGLISH,105,
1582944,1582944,1582942,"@115821/@AmazonHelp - This is what it looks like in all browsers. Not at all easy on the eyes, feels weird, like it isn't loading correctly. https://t.co/7ht48vwqa5",@487194 We'd like to document your feedback for improvement. Please send us an e-mail here: https://t.co/hApLpMlfHN ^JP,Language.ENGLISH,164,
785475,785820,785825,@AmazonHelp I cancelled my order. Flipkart also cancelled my order but what they did look into the attach pic. They send me an apology mail along with https://t.co/5Yi1V1rVJo,@219990 The items were listed with an incorrect price on our website for a short time; this error has since been corrected. (1/2) ^JS,Language.ENGLISH,174,
2385830,2385830,2385829,@115850 pne month and it hasnt been despatched. Terrible service. https://t.co/JqPRV8bp5u,@687604 Please don’t provide your order details as we consider them to be personal info. Our page is visible to public. ^SG(2/2),Language.ENGLISH,89,
1950128,1950130,1950131,@AmazonHelp When you say ‘set up’ please can you elaborate? Presumably it does more than detect compatible devices somehow?,@579254 We definitely want to get you all the answers to your questions. Please reach out to us here: https://t.co/JzP7hlA23B ^DG,Language.ENGLISH,123,
1680074,1680073,1680069,@AmazonHelp Would you be willing to expedite it so I get it tomorrow?,"@164356 If you don't have it by 8pm local time, let us know so we can look at options https://t.co/hApLpMlfHN ^SG",Language.ENGLISH,69,
1317456,1317456,1317455,@115850 iPhone X still not available? When will it be available for pre-order?,@337087 The pre-order was completed as soon as the booking went live today. Kindly stay tuned to our website for more updates. ^AP,Language.ENGLISH,78,
95301,451904,451902,@AmazonHelp That they need to check with the carrier and the delivery man about what happened with the delivery. And that would take three business days. Three business days? Really?,"@136723 Up to three business days. Unfortunately, yes. Regards, ^AN",Language.ENGLISH,182,
2776693,2776689,2776691,@AmazonHelp I have got refund processed only for one item under my return request. Kindly amend. https://t.co/QtHgfNgEAW,@775853 You must have received an email correspondence from our team in response to the details you have shared earlier. Kindly reply to it with your further insight and we'll help you. ^HS,Language.ENGLISH,120,
439335,439335,439333,(1/2)@115850 shocked at this kind of service. ask for a road address next time instead of home/office if you cant deliver to our doorstep,@219329 Apologies for any trouble. Have you tried reporting this to our support team here: https://t.co/2t6DQoUmNZ ? ^AB,Language.ENGLISH,137,
330947,330945,330946,@AmazonHelp @115850 @115850 Kindly note I haven't received any phone calls for delivery. Also I'm receiving courier service at my address since last 5 years.,@194793 Sorry for the unpleasant experience. Have you reported this to our support team here : https://t.co/vlvfJr4nN9? ^AS,Language.ENGLISH,157,
1424249,1424248,1424250,"@AmazonHelp yes, but the main filters (sort by price / alphabetical / price drops, etc) are now missing, making it impossible to actually sort the list?",@450940 Have you attempted clearing your cache and cookies or trying another browser? Let us know if that resolves the issue. ^TH,Language.ENGLISH,152,
686741,686741,686742,"Thanks so much to my Amazon delivery driver for not bothering to knock to see if I was in, shoving my package inbetween my bins and not leaving a note to say where it was. Do I look like a mind reader lol @AmazonHelp","@283969 Oh gosh! I'm sorry for the troubling experience, Rosie. If you have a moment, we'd like to get your feedback on the delivery experience. Please reach out to us via phone/chat here and we'll take a closer look at situation: https://t.co/JzP7hlA23B ^MJ",Language.ENGLISH,216,
575998,575998,575999,@115850 OrderNo-171-6137602-7663551. Worst customer service.Getting reply of template mails. Abrupt disconnect from chats. I think i wasted rs12000 in @115850 which don't care about customer satisfaction. Goodbye @115850 https://t.co/wHGi86gTHB,@255530 Apologies for the inconvenience that you have faced with the chat support. We are here to help. Kindly drop in the details on the secured link here https://t.co/beaaDm0muc and we would investigate and connect with you shortly. 1/2 ^KK,Language.ENGLISH,244,
2718037,2718037,2718035,"@AmazonHelp it's been a week that I requested for invoice(__email__) still no action, not acceptable. PFA https://t.co/14XXm6AhxH","@762844 Apologies for the stretch, please contact our support team here: https://t.co/vlvfJr4nN9 and we will assist you. Also, Please don’t provide your order details as we consider them to be personal information. Our Twitter page is visible to public. ^BS",Language.ENGLISH,129,
2382473,2382473,2382471,"@AmazonHelp @115850 You guys attempt delivery to an office address on weekends, but not on weekdays. Are you brainless? On top of that, courier guy's don't call me also. It has been four days. Where the hell is my order? #badcustomerservice",@686833 Sorry to know about the delivery issue. Have you reported this issue to our support team here: https://t.co/00q4Sqj9zL for assistance? Please keep us posted. ^KA,Language.ENGLISH,240,
975758,975756,975755,"@119625 The only good addition recently has been #LaakhonMeinEk. Need better things to watch, guys. Buck up!",@351401 and TV shows we have available. 2/2 ^AH,Language.ENGLISH,108,
1826205,1826205,1826209,@AmazonHelp @115850 hw can u cheat us like dis? i ws assured a replacement if d ordr get cancld due to courier bt rfund is created instead https://t.co/Rz3N1WA3d1,@419257 Apologies for the trouble with the order. A replacement cannot be created if the product is not available with the same seller. ^AK,Language.ENGLISH,162,
1502865,1502866,1502867,@AmazonHelp I redeemed it but I have problems with that.,"@468814 Hello Elric - Have you checked your messages for a benefit confirmation e-mail here: https://t.co/Yo6VD4ythL?

- Rick",Language.ENGLISH,56,
69651,69646,69645,@AmazonHelp We are at work today and out today at a private appointment. We can't take another day off for Amazon deliveries.,@131784 Have you left safe place instruction for where the driver can leave the order should you not be in?^SM,Language.ENGLISH,125,
2200796,2200796,2200794,"when @115821 says 2 day guaranteed delivery but @118706 say, ""Nah, you can wait longer.""","@643635 I am sorry to hear this. Can I ask, what was the estimated delivery date given to you on the confirmation email you received when this order was placed please?^GA",Language.ENGLISH,88,
570136,570136,570135,Amazon unlimitedで引きこもりが加速…！！！,@253826 ご利用ありがとうございます・・・！(*´ω`*) SK,Language.ENGLISH,29,
778877,778877,778880,"@AmazonHelp 404-3961105-5041122   Until now amazon requesting customer to return the faulty product, you guys able to deliver but pickup ?","@215401 Due to certain courier constraints, we're unable to arrange a return pick up for certain pin-codes. 1/4^AP",Language.ENGLISH,138,
2472509,2472509,2472508,@115850 @AmazonHelp @115821 pathetic service ever. The package that was supposed be delivered last Friday hasn’t reached yet.,@707053 Apologies for the delivery miss. This wasn't intended. Did you happen to escalate this to our support team here: https://t.co/T6y6Xlutbs? ^VN,Language.ENGLISH,125,
1444391,1444391,1444390,"So far, 2 weeks w/@115821 Echo Dot and @118117, Echo Dot has lost internet connectivity 4 times, requiring new setup. What a PITA.","@455175 I'm sorry for the trouble with your Echo, Kyle! Have you reviewed the troubleshooting steps here?: https://t.co/ZKkEKglSr7 ^SD",Language.ENGLISH,130,
609386,609386,609385,@115850 why u take order if u r unable to refund the material. https://t.co/ZykX6sOj2W,"@226055 My apologies about the delay, Nikhil. Please report this to our support team here: https://t.co/vlvfJr4nN9 and we'll assist you further. Also, please don't provide your order details, as we consider it to be personal information. Our Twitter page is public.​ ^NK",Language.ENGLISH,86,
2598390,2598382,2598384,@AmazonHelp Whereas I have bought lots of other products from same address...then y this time u are saying that the address is invalid? Please give me the answer,@735645 We would like to assist you further with this. Can you please get in touch with us directly by clicking the following link: https://t.co/hApLpMlfHN ^BZ,Language.ENGLISH,161,
328021,328027,328028,@AmazonHelp I have and had no response that is why I am coming to you,@176087 Please allow 12-24 hours to receive a response to your e-mail. Let us know if you haven't received a reply by then. ^MB,Language.ENGLISH,69,
419238,419238,419237,@115850 just ordered @115833. Its appears to be a great innovative application of AI and IoT. Waitng to use it soon.👌👌,@214986 Congratulations on your purchase. We are happy upon your choice to buy amazon echo. Happy shopping :) ^GU,Language.ENGLISH,118,
1470392,1470392,1470391,@119625 daddy not available for download ???,@461298 I've forwarded your comment as feedback to the concerned team for review. ^HA,Language.ENGLISH,44,
2811719,2811719,2811718,@115821 i need your help in logging into my account. Its showing not authenticated. Please reply to resolve this.,@784052 I'm sorry for the inconvenience while trying to login to your account. Please contact our support team here: https://t.co/GlC9o72Bj5 and we'll be happy to help. ^SH,Language.ENGLISH,113,
1388435,1388435,1388433,@115850 Lost all faith in Amazon. I buy a product from Amazon not from any 3rd party seller !,"@427119 I'm sorry to see you disappointed with us, could you confirm sharing your details here: https://t.co/GIJyeYqKE0? ^MJ",Language.ENGLISH,93,
1211113,1211113,1211112,"@118919 Order number- 4__credit_card__: D delivery Guy's phone number is incorrect.What is going on Amazon India, where is my order?",@404278 personal information. Our Twitter page is visible to public. 3/3 ^SB,Language.ENGLISH,132,
1323371,1323377,1323379,"@AmazonHelp @115821 @115851 I nid refund u r just mailing to wait but how mny days,even yr eng. said prod. is faulty आप की अपनी दुकान thn y no refund https://t.co/UZihwsohR6",@425602 We'd like to help you. May I know if you filled in the details from the link provided earlier? ^BS,Language.ENGLISH,173,
465160,465160,465159,@115821 please let me know why i pay for amazon prime and my packages aren’t being delivered in 2 days???,"@225643 I'm sorry for the wait! Two-Day Shipping refers to transit time, in business days, once shipped. If your orders are arriving later than promised, we're happy to assist you directly via phone, chat, or e-mail using this link: https://t.co/hApLpMlfHN ^JR",Language.ENGLISH,105,
897095,897095,897094,@115821 why do you offer same day guarantee by 8PM EST if in reality it won't be delivered til sometime after Monday? #Help #CustomerService,"@333029 I'm sorry for the wait! To clarify, have we missed the delivery date confirmed via e-mail: https://t.co/Wkpnu0R1N9? (1/2) ^MV",Language.ENGLISH,140,
299015,299014,299016,@AmazonHelp Rang 3 times. Each time got cut off. Pleaded for driver to come back as I have wedding cupcake order. Driver is a liar. In all day.,"@187265 Oh no! When you contacted us, what information and options were provided to you? ^HC",Language.ENGLISH,143,
252819,252819,252817,"@115850 any problem at Hyderabad, Telangana courier facility??","@140332 Nothing alarming that we know of. Kindly elaborate your concern, we would like to help. ^CB",Language.ENGLISH,62,
1352876,1352872,1352873,@AmazonHelp Im currently in croatia...so no I won't be ringing anyone. My husband is trying to sort it as you've also said that I took his parcels too,"@435507 I certainly understand your frustration, Samantha! We're not able to view your order details or account info via (1/2)",Language.ENGLISH,150,
470176,470176,470175,@115850 need to tok to someone. Can't type much pls call 9719277772,"@226940 Please connect with our support team here: https://t.co/2t6DQoUmNZ for assistance. Please don't provide your order details, as we consider it to be personal information. Our Twitter page is public.​ ^RW",Language.ENGLISH,67,
1186522,1186522,1186521,@115817 @115821 still waiting on my packages 🙄👀,@399002 So sorry for the wait! Can you please tell us the status of the package shown here:  https://t.co/Y5jpI9gRhE ^LH,Language.ENGLISH,47,
2435206,2435206,2435205,I returned an item with missing screws to Amazon at cost of £8.39. Disappointed to receive only £4.75 back in refund. See pic. @AmazonHelp https://t.co/LfOXlADOBa,@698724 So sorry for the problems regarding your refund! Let's take a closer look into his in real time here: https://t.co/JzP7hlA23B ^JZ,Language.ENGLISH,162,
787191,787190,787192,@AmazonHelp My products are getting marked before being delivered. Delivery Guy’s Number is always off n when he calls from alt no and confirms time to,@307773 Sorry for the hassle. I'll surely forward this as feedback internally and we'll work on it. ^SQ,Language.ENGLISH,151,
328048,328047,328049,@AmazonHelp @115850 amazon pay,@194207 You can find all related information on Pay balance cash back here : https://t.co/40XZUbgpGe .^CB,Language.ENGLISH,30,
445654,445654,445653,"@AmazonHelp your ""we thought you would like this black friday offer"" and similar push notifications - can I get rid of them without having to disable all notifications or uninstall the app?","@220532 Hey, you can find more info on how to manage notifications here: https://t.co/iflgegRVAz ^MA",Language.ENGLISH,189,
1572817,1572816,1572818,@AmazonHelp I have reported twice and no response yet.,"@214881 How have you reported it to our support? Email, chat or call? ^Rw",Language.ENGLISH,54,
981433,981431,981429,"@AmazonHelp 406-2385037-2501155   showing they delivered to customer yesterday.
But I am the customer and didn't got delivery","@352705 Must be a scan code error. Did you report this to our support team yet ? Also, please don't disclose any order info. ^HT",Language.ENGLISH,125,
782480,1265194,1265196,@AmazonHelp @115850  You ask for 24-48 hours to resolved this issue. It has been 84hrs and no call no resolution email yet. Why its taking more than expected and given time. I raised concern on 11th Oct and its 16Oct today. You guys are just trying to give excuses from last one month.,"@306784 I'm sorry for the unusual trail with your concern, your write back will help us get back to you with any updates. 1/2 ^MJ",Language.ENGLISH,285,
1403463,1403464,1433984,@115850 @AmazonHelp @115850 alrdy mailed on cs mail. Bt I wnt dis to b investigated n wil reqre proof if d dlvry failed coz of my unavailability,@446296 Apologies. I’d like to help you. Please fill this form: https://t.co/beaaDm0muc and I’ll contact you soon. ^JS,Language.ENGLISH,144,
1122805,1122805,1122804,@115850 my docket no. Is 965671722 name HARSH #GATI se aa raha hai wo mere ghar dene se mana kar rahe hain kahte hain apka ghar gao mein h,@384810 and we'll reach out to you. (2/2) ^VM,Language.ENGLISH,138,
1431041,1431038,1431037,@AmazonHelp But will it come on the time on release day?,@452313 What delivery date is showing here: https://t.co/Y5jpI9gRhE? ^BM,Language.ENGLISH,56,
1223101,1223100,1223102,@AmazonHelp I can’t because I am unable to log in into my account. Registered no is 8867606711.,@406994 Please don’t provide your details as we consider them to be personal info. Our Twitter page is visible to public. (2/2)^YP,Language.ENGLISH,95,
2858183,2858183,2858181,"@116090 @916 1.Late delivery as per usual with purolator 2. 
Sweetener broke open b/c not packaged nor secured properly 3.I am a prime member &amp; this ALWAYS occurs during monthly auto https://t.co/VcBzRKYKjA can contact me because I don’t have time to wait on hold. https://t.co/3UXdv1ZDfl",@228687 I'm terribly sorry to see your order arrived this way! Have you had a chance to checkout available options here: https://t.co/reSepXuyA8 We're here to help! ^ML,Language.ENGLISH,292,
594538,594536,594535,@AmazonHelp Already asked your team what’s happened to my order nobody bothered to answer,"@260854 I'm sorry there wasn't a reply and now the gift is late. We aim to meet the original dates provided. Due to unforeseen events, delays may occur. Let us know if you receive it by 6 Dec. If you need to go over other options, call us again: https://t.co/JzP7hlA23B ^MG",Language.ENGLISH,89,
1608663,1608663,1608664,@115850 please look into order no 4__credit_card__. Please help at least your #amazonprime  members,@493968 Please reach out to us at: https://t.co/TxK11znixD and we will assist accordingly. (2/2)^HR,Language.ENGLISH,99,
520746,520745,520747,When release result time? @AmazonHelp @115850,"@223718 I understand you're concerned about the results of the AmazonRechargeQuiz. As informed earlier, we are working on it. Kindly stay tuned for an update. ^BV",Language.ENGLISH,45,
458940,458940,458939,#Amazon has become complete garbage since they retained there own delivery guys. This marks the 3 or 4th time my package hasn’t arrived when it’s suppose to! Never had this problem before they changed. Smh https://t.co/6UCkyukb1y,"@223992 I'm very sorry for the delay. I'd like for a specialist in my team look into this for you. Whenever you have the time, tell us as much information as possible here: https://t.co/KOnw7KPEo5 We'll be in touch shortly. ^SK",Language.ENGLISH,229,
1254547,1254550,1254552,@AmazonHelp I have not received any emails from amazon account department and that is what is annoying me. Please call me instead of trying to mail me.,@414267 I see that you have escalated this to our support team and we have forwarded your concern to the account 1/2 ^SB,Language.ENGLISH,151,
1123303,1123303,1123302,@115850 @AmazonHelp @1840 @12934 @115851  Say Hi to the looting CRM of AMAZON India..  Kudos..  Three cheers to the looters https://t.co/A8oFwQQt52,@140964 Please allow us some time and we'll reach out to you. (2/2) ^KA,Language.ENGLISH,147,
1664469,1664469,1664468,@115850 Any way I can re-subscribe to prime @58833:/ My 1 year just flew by!!,"@507258 Unfortunately no, It was a promotional offer and isn't available now. ^PS",Language.ENGLISH,77,
1021039,1021037,1021038,@AmazonHelp Ahhh it's been delivered now. Late but better than never. Though I don't know why it said failed to deliver.,@361610 Thanks for letting us know your order made it to you! ^VS,Language.ENGLISH,120,
2622602,2622603,2622604,@AmazonHelp Tell the supervisor to call me,"@189183 Please reach out to us here via phone, e-mail, or chat: https://t.co/hApLpMlfHN so we can look into this. We'd like to help! ^ZW",Language.ENGLISH,42,
2437284,2437282,2437279,"And yes, I'm looking at you, @116439 - you keep switching elements around after I've already seen them and started pressing buttons.",@610427 This is not intended ☹️ Thank you for your feedback! We will forward this to the responsible colleagues. Best regards ^MH,Language.ENGLISH,132,
318055,318074,318076,"@AmazonHelp I am really disappointed with your services, one month old mobile showing display issues. Is this for what i paid to get defect mobile ?","@191896 I get your concern. The service center should honor the warranty. In case if they are not, please collect a [1/2] ^HA",Language.ENGLISH,148,
57475,57475,57473,Hey @117634 my kindle starting advancing left to right instead of right to left. How do I fix that?,@129035 Great question! Have you tried any of these troubleshooting steps: https://t.co/phofknSjeE? Please let us know! ^KJ,Language.ENGLISH,99,
2663315,2663315,2663314,"And none of them work.
@115850 @14045 https://t.co/dwORNx0h2p",@750547 Sorry to know the vouchers do not work. Kindly connect with our support team here: https://t.co/TdDksLo6Mf. We'll look into it. ^PS,Language.ENGLISH,61,
2569162,2569162,2569160,"@115850 @115821 what a commitment of delivery guys, your customer assistance kept telling me don't worry you'll receive your order today","@728688 Please don't provide your order details, we consider it to be personal info. Our page is visible to the public. (2/2) ^MO",Language.ENGLISH,136,
1922777,1922777,1922775,"@AmazonHelp Hi.I have my account locked for security proposes. I followed email instructions, but still my account is locked. Can u help me?",@572396 Sorry to hear about your account! How long has it been since you've replied to the email? ^TR,Language.ENGLISH,140,
2934397,2934393,2934395,"@AmazonHelp No, but I tried to cancel and had an email saying it's too late",@811374 It may have already entered the dispatch process. Once it shows as dispatched you should get an option to cancel here: https://t.co/aaDyEz1VgE. If not please let us know.^BZ,Language.ENGLISH,75,
1468396,1468394,1468393,@AmazonHelp 4 packages have been left at my apartment door at strange times when all packages are suppose to go to office.  Now one hasn’t shown up.,@460831 Thanks for the info! We'd like to look into this with you. Please send us your details here: https://t.co/Vh3sc9Rjyi ^JM,Language.ENGLISH,148,
888469,888469,888468,@28231 do you know when your book will ship to Germany? I preordered it via @116316 at the beginning of september ..,"@330948 Hi, if an estimated delivery date is available you are able to see it on our website (https://t.co/k9OZbDnavX). Regards ^MI",Language.ENGLISH,116,
1383061,1383063,1383064,"@AmazonHelp That did worked, thank you. https://t.co/LjrFsS7uBO","@158484 Please don't provide your order details, we consider it personal information. Our Twitter page is visible to public. (2/2) ^SV",Language.ENGLISH,63,
2406910,2406914,2406915,"@AmazonHelp I feel like im wasting time
I will blindly go ahead im eligible for Cashback
As out of 8 agents 5 said im eligible and i will get Cashback as per offer

Because u r just giving irrelevant n time waste replies",@692195 I apologies for the miscommunication. Kindly fill in your details using the link provided earlier so that we can assist you accordingly. ^MN,Language.ENGLISH,220,
1281323,1281322,1281324,@AmazonHelp Delayed. It's probably #lasership that just sucks. Sorry.,@419793 Does the tracking list any reason for the delay: https://t.co/Y5jpI9gRhE ? ^DD,Language.ENGLISH,69,
2564055,2609919,2609921,@AmazonHelp I did. It was fairly useless. I'm none the wiser as to where the order is or when to expect it.,"@283092 Hi Joe, can I ask what delivery date you were provided with by the customer services agent you were in touch with? ^TI",Language.ENGLISH,107,
2311999,2311998,2312000,@AmazonHelp American Horror Story - Stagione 5 (4 DVD) https://t.co/HHRbQH14jt,"@670496 Ti ringrazio per la segnalazione, che ho provveduto a inoltrare al nostro dipartimento competente per una verifica. Nel frattempo, potrai richiedere il reso dell'articolo visitando il Centro resi online da qui: https://t.co/gpJNyboxn2. A presto! ^LF",Language.ENGLISH,78,
348936,348934,348935,@115850 Dont buy from amazon. Very poor delivery. I request all viewers and commenters here dont buy stuff from amazon it will not get dekivered,@183917 to you as soon as we receive an update from them. 2/2 ^SH,Language.ENGLISH,144,
1806469,1806469,1806468,There are very few times when I am frustrated with @115821 and this is one of them.,"@542739 I'm sorry for the frustration, we want to help if possible! Without providing any account information or personal details, please tell us more about what's going on. ^EA",Language.ENGLISH,83,
1201283,1201292,1201293,@AmazonHelp Mail sent on your email id as well as submitted  plz check,"@402250 Thanks for sharing the details, we are working on it, we will get back to you soon. Appreciate your patience. ^AH",Language.ENGLISH,70,
1540506,1540506,1540505,"Finally!! 🎉🎊❤❤
Thank you so much, @116875 @178440 &amp; @63587 https://t.co/Pwgasgk51n","@477431 You're welcome Eddie! Hope you enjoy it a lot!

Regards,
-JJ",Language.ENGLISH,86,
966320,966320,966319,Just had the most horrible customer service experience from @115821 Prime !! Absolutely unexceptable! @115851 #ruinedourday 😢,"@349330 I'm sorry about the experience you had. Without posting account information, can you tell us more about it? ^LI",Language.ENGLISH,125,
429080,429080,429079,@115850 third class service with third class promise.u have not done my pickup after https://t.co/OmrqpMI2i0 I want refund in one hour,@217041 Sorry for the trouble you've had. Kindly fill in your details here: https://t.co/GIJyeYqKE0 and I'll help you with it. ^MM,Language.ENGLISH,134,
1585043,1585043,1585044,@115850 D whole day my family was at home jst waitin for d package. EOD a msg is send by Amazon dt no1 was @ home - 4__credit_card__,@487716 We apologize for the inaccurate tracking information. We'd like to help you. Please contact us here: https://t.co/vlvfJrlYEH. ^ZH,Language.ENGLISH,132,
2541043,2541040,2541038,@AmazonHelp And what if they deny to help? Will you intervene then? Even some startup e-commerce sites helps in these kind of situation,"@672028 I understand your concern. Should the manufacturer deny the service, please fetch a service denial document from them so that we can assist you accordingly. ^BV",Language.ENGLISH,135,
1488354,1496646,1496647,@AmazonHelp sorry,@465721 We would really like to help. I insist you to check the email correspondence and respond to it. ^PB,Language.ENGLISH,17,
2622559,2622559,2622557,"@117795 So, your driver doesn't get within an 8 minute drive of my house and marks my goods undeliverable.... with the baby food in his car. Cheers. Thanks to him, NONE of the drivers that come to my house will ever get a tip now. Your cus rep was as useless.","@740919 I'm sorry to hear about the delivery. Just to confirm, have you had a chance to contact us by phone about this? If so, what insight/options were given? ^LI",Language.ENGLISH,259,
206188,206177,206175,@AmazonHelp They told me that they contacted the carrier that day and that I would positively receive my package Saturday. I did not.,"@164816 Thanks for clarifying. The latest tracking on your account advises of delivery on 7 Nov, correct? ^TP",Language.ENGLISH,133,
2003968,2003968,2003967,@115821 Are your online shopping carts broken? I keep getting an error after I tap the “purchase items” button.,@592581 Hey there! Sorry it's giving you trouble. Please try closing the browser and clearing cache/cookies. Thanks ^AP,Language.ENGLISH,111,
775411,775417,775418,@AmazonHelp Will I definitely get the invitation or not,"@286682 As informed, we send a limited number of invitations each week to customers, so keep an eye on your inbox. ^MM",Language.ENGLISH,55,
1829433,1829438,1829439,@AmazonHelp Saying sorry doesn’t get me my packages 😒😒 but you can’t teleport ten to me so I have no choice but to wait https://t.co/WpKSp3tbvO,@548984 I certainly understand your frustration! Will you confirm the carrier in the link previously provided? ^HC,Language.ENGLISH,143,
2906627,2906623,2906622,"@AmazonHelp Email: ""When something like this happens, we normally send out a replacement order. In this case, though, a replacement wasn't possible, so we've requested a full refund for your order. You'll see the refund apply to your original payment method within the next few days.""",@804862 Please reach out to us here https://t.co/hApLpMlfHN so we can pull up your account information and find more details out about the cancellations.  Thank you! ^WB,Language.ENGLISH,284,
440349,440347,440346,@AmazonHelp i  have already esclated the issue over there in my profile but was given a date of 24th by 8pm but same has not been done.so now what u say,@219484 I'm sorry about the situation. Kindly share your details here: https://t.co/GIJyeYqKE0 and I'll look into this. ^SG,Language.ENGLISH,152,
142010,142014,142015,@AmazonHelp Yep it's in there! confirmed its been accepted :) thanks - will I receive it on email?,@148047 Hey Eve! Yes you should receive your confirmation email soon.^HS,Language.ENGLISH,98,
1248719,1248719,1248718,@AmazonHelp you guys are amazing it’s 9:55pm but I’m still getting my 2 day Prime order by 8pm today. Way to bend space and time!,@412980 I'm sorry for the wait! Typically late orders arrive the next day. If yours doesn't we're avail here: https://t.co/hApLpM3Ejd ^EP,Language.ENGLISH,129,
17897,17897,17894,Why do I even bother to pay for @115821 Prime? Ive been waiting on a package for a week that was only supposed to take two days,@119969 I'm sorry it hasn't arrived! Have we missed the date shown in your order confirmation e-mail here: https://t.co/Tkd9xjxISV? ^MO,Language.ENGLISH,127,
248671,248671,248670,@AmazonHelp @115821 when are you going to ship my order to me please don’t make me cancel it 🙂 order 112-1151988-6640213,@175074 I'm sorry for any delay in delivery. What was the estimated date of delivery for your order? ^EM,Language.ENGLISH,120,
1445497,1445496,1445498,@AmazonHelp It's .com There's no way to contact you because I need to sign in for that.,@455424 This link: https://t.co/MQmYQGfuiE will work perfectly for that! Just Skip Sign In under yellow button. Keep us posted! ^FR,Language.ENGLISH,87,
898171,898171,898169,Well @115821 finally let me down. Ordered $250 worth of stuff I needed tonight and it didn't show up as promised 😩,@333290 Letting you down is never what we want! Which carrier was assigned for delivery? Does their tracking give any insight? ^MV,Language.ENGLISH,114,
2962725,2962727,2962728,"@AmazonHelp None. Except for that I will have to wait for the package, which will now be almost three days late and will be too late for my trip unless it is here in the next minutes, which seems very unlikely. This is not what I pay for prime for. I stayed home today to receive this order.","@817529 I can understand any frustration this has caused. I realize it isn't ideal that we won't be able to deliver before your trip. If interested, you may return the item once it arrives: https://t.co/r5Q5EOVeBs ^RA",Language.ENGLISH,291,
629650,629650,629649,Praying to the @115830 gods today. I need to stuff 300 envelopes before 5.30pm and they've not even arrived yet... #miraclerequired,@269157 That's a lot of work! Does your order show that it's arriving today: https://t.co/aaDyEz1VgE? Deliveries can be made till 21:00. ^MG,Language.ENGLISH,131,
1453757,1453757,1453756,I have ordered canon1300d worth rs 21000 dslr camera and they sent me broken 500rs  speakers inside the box...  https://t.co/D5RQwTW5GC,"@383091 We're following up on your concern, here: https://t.co/pTAVFe17Ce. ^YP",Language.ENGLISH,135,
2261731,2261730,2261732,@AmazonHelp Yes,@658492 I'm sorry for the troubles. Have you tried using your back up methods? Learn more here:https://t.co/tPVo16zcfa. Let us know! ^SK,Language.ENGLISH,15,
197932,197928,197929,@AmazonHelp If i reorder i need to pay 3700 extra  Will you compensate ???😡 If yes then i will Reorder.,"@162536 As informed earlier, we won't be able to reinstate a canceled order as of now. We appreciate your understanding. ^OS",Language.ENGLISH,103,
387998,388004,388005,@AmazonHelp How much time it gonna take more? If it wasn't the thing you wanted to include then why did you ad the thing on app?,"@192640 Sorry for the disappointment. We've escalated the issue to the concerned team. We'll reach out, once we have an update. ^KA",Language.ENGLISH,128,
2642045,2642045,2642043,"When you pay extra for same day delivery but @115821 decides “nahhhhh, you’ll get it in 2 days instead” AND they don’t refund me https://t.co/MenWm9WZV6","@745559 I'm sorry! When you reached out to us initially, what options or insight were we able to provide? ^WT",Language.ENGLISH,152,
463324,467419,467420,"@226264 @115821 And now it won’t be delivered in 2 days, although it was *marked* delivered, so I can’t file a Prime complaint.",@225128 I'm sorry you haven't received your order.  That's not the type of service that we aim to provide. Have you tried locating the package using these steps here: https://t.co/PVTf3CE4FU   ^FJ,Language.ENGLISH,127,
662656,662656,662655,Amazon prime says u get your shit in 2 days but my shit isn’t coming @115821 u liar,@277880 I'm sorry for the trouble! Have we missed the delivery date shown here: https://t.co/Y5jpI9gRhE ?  ^LJ,Language.ENGLISH,83,
745102,745101,745103,@AmazonHelp Already called you but your executive said to contact with mobile customer care.,@298118 We'd like to know what exactly went wrong. Please drop in the details here: https://t.co/GIJyeYqKE0 and we'll reach out. ^MS,Language.ENGLISH,92,
1529918,1529914,1529915,@AmazonHelp update on that: it's not going to be back out for delivery until Monday. 2000km: 12 hours. the last 5km: can't be done in 10.,@474827 I'm sorry! Please reach out to us here: https://t.co/Q7Ftz6nj80 so we can explore our options for you! Keep us updated! ^FR,Language.ENGLISH,137,
2874031,2874031,2874029,I was waiting all day for my bubble mailers order from Amazon to get here but I just got the notification that it got delayed... whaaaaaat? I have to go to the store at 8:30pm...? Damn it USPS...,@797903 I'm sorry your order was delayed. Did we provide you with a new expected delivery date: https://t.co/YzqaclIrMB? ^CL,Language.ENGLISH,195,
371423,371420,371424,@AmazonHelp $15 amazon. I need it for Uk!!!,"@142190 If you have a gift card claim code, it can be entered here: https://t.co/2sGzOMr9mo. ^ST",Language.ENGLISH,43,
851605,851623,2400361,"@115850 You r worst at price regulation. Refund is not so easy, takes 10-20 days.","@416000 That's shouldn't be the case. Kindly elaborate your concern, we would like to help. ^CB",Language.ENGLISH,81,
2670048,2670048,2670046,@AmazonHelp hi will you be running the discounted prime membership as a part of your black Friday/cyber Monday deals this year?,"@420164 Hi, please keep an eye on the website for all the deals this year! ^JJ",Language.ENGLISH,127,
960135,960135,960136,"One should never miss such discounts.
#AmazonGreatIndianFestival @115850 https://t.co/261QPbAfBm",@347823 Pricing and offers are decision of the sellers. The constantly changing marketplace and our efforts to offer you 1/2 ^KA,Language.ENGLISH,96,
1200287,1200287,1200288,"@AmazonHelp  my refund for Ordered on Oct 14, 2017 (406-1457979-2714737)
is not in compleate please help my num is 7523058111","@402018 Please don't provide your order details, we consider it to be personal information. Our page is visible to the public.(2/2) ^SC",Language.ENGLISH,125,
233511,233511,233512,@115850 could you NOT ship our valuable parcels through Indiapost?! They’re terrible. Shoutout to Rashmi R 4m ur CS team 4 calming me down,"@171587 Sorry if there was any damage done. Unfortunately, there is no way to request a specific courier. The courier is assigned (1/2)",Language.ENGLISH,138,
509365,509365,509363,"@AmazonHelp Serious fail when the box I ordered was damaged before shipping! As you can see nothing sharp in the box to create a hole. 
#CustomerExperience https://t.co/kpM3xMtmb7",@129457 I'm sorry for the mess! Was anything else damaged? Please check here for available return/replacement options: https://t.co/AV1oRUwhA9 ^BH,Language.ENGLISH,179,
2481436,2481435,2481437,@AmazonHelp It happens every time I place an order after Wednesday. I don’t know what carrier it gets sent to.,"@709029 Have you had a chance to report the late deliveries to us? If so, what options were we able to offer? ^LH",Language.ENGLISH,110,
1743884,1743888,1743889,@AmazonHelp you tweets back and forth are as helpful as customer service handling the refund.  If you want more info then DM me so the world can't read,"@525976 With Twitter, we have no access to account info. We're still here to help! Feel free to DM us using the link below: ^JE https://t.co/1XyLaGkcaN",Language.ENGLISH,151,
1265118,1265118,1265117,@AmazonHelp My Amazon account was suspended. I faxed over my bank statement haven't received a reply since! I've emailed but no reply.,@171449 Hi. My apologies for this. When did you fax the requested information? ^DC,Language.ENGLISH,134,
264723,264693,264694,"@AmazonHelp we already replay day by day with new POA
but till now account is not reinstated.
please look in to matter,
we are waiting for revert.","@165815 We being a part of retail team, we will not be able to check the information here. Since you've written to our (1/3) ^GK",Language.ENGLISH,146,
2338864,2338860,2338861,"@AmazonHelp I believe so, I'm sorry, I'll delete my initial tweet...","@676580 Keep us posted, if you have any further issues.^CD",Language.ENGLISH,68,
465044,465043,465045,@AmazonHelp It's not supposed to be delivered between the 2nd and 5th.,@225613 I am so sorry for the delay! Please let us know if your package doesn't arrive on the 5th at 8pm. ^LS,Language.ENGLISH,70,
1380281,1380297,1380298,@AmazonHelp This is 2nd time i send my details. Why always you ask me to do all the steps repeatedly. Are you here to just keep me in loop. I worried..🙏,"@413729 I understand your concern, Hemant. We've received your details. We'll get in touch with you soon. ^HD",Language.ENGLISH,152,
1513694,1513694,1513693,Soooooo....did someone steal my makeup brushes or did Amazon lie about delivering them? https://t.co/nhfIrlodkJ,@407951 I'm sorry you didn't receive your brushes! We suggest trying these steps first: https://t.co/98Tpfm6ZUO ^AM,Language.ENGLISH,111,
1924048,1924048,1924047,"@AmazonHelp Is there an issue with @116935? Some of my tracks are now messed up. I deleted/redownloaded them, but there was no change.",@572704 We'd like to look into this with you in real-time. Please reach out to us by phone here: https://t.co/EKXRLsnxJu ^GR,Language.ENGLISH,134,
2675668,2675668,2675667,@AmazonHelp i have a free trial of Amzon prime but now bank statement shows that i have to pay 2 £. Will send screens in DM,@753132 Thanks for reaching out! Does this charge appear to be pending? More info here: https://t.co/uYAnfEgvlj ^AB,Language.ENGLISH,123,
318619,318619,318616,Approaching law enforcement agencies as misleading  status evasive response from @120169.@15704 @AmazonHelp .Aramex shipment 1760858890,"@191919 Why, what happened? What is the tracking saying now?^CD",Language.ENGLISH,135,
64228,64228,64229,"I return my order by DTDC courier that's the courier receipt, Amazon India say you send your product on courier than Amazon pay your courier charges
My total courier charges is 170 RS
But Amazon India refund only 40 RS. I requested you
Pay my 170rs as soon as possible@AmazonHelp https://t.co/FCTdiTIVHm","@130737 Also, please don't provide your tracking details, we consider it to be personal info. Our page is visible to the public. (2/2)^SF",Language.ENGLISH,303,
1260147,1260145,1260144,@AmazonHelp Yes. Sometimes parcels have just been left on my doorstep!,"@415246 As we're unable to view your account via Twitter,pls contact here:https://t.co/JzP7hlA23B so we can look into this.^KM",Language.ENGLISH,70,
717650,717651,718085,@AmazonHelp How do u not have sup 2 speak to disappointed customers!?!?,@291839 We certainly understand your frustration! Do you care to let us know if your order status has changed? ^HC,Language.ENGLISH,71,
1763436,1763436,1763435,@115821 hey thanks dudes I didn't want my door anyways? https://t.co/8tO44ix0TV,"@530528 I'm so sorry to see this, Zack! Will you confirm the carrier listed for your order here: https://t.co/Y5jpI9gRhE ^HC",Language.ENGLISH,79,
2349506,2349506,2349505,"@115821 did you really attempt a delivery 20mins ago, whilst I was standing in the hallway hmmm?!",@438306 I understand your frustration. Have you contacted us via phone or chat about the delivery: https://t.co/JzP7hlA23B?  ^KB,Language.ENGLISH,97,
2367983,2367983,2367982,@AmazonHelp why isn't my cancelled order not showing up in my orders or cancelled orders section?,"@354242 Thanks for reaching out to us today, Shannon. Have you received an e-mail confirmation that the order has been canceled?  You can check your messages here: https://t.co/da8TcWSaan ^FJ",Language.ENGLISH,97,
543581,543581,543579,@115830 2 failed orders in 2 days. Paying for Prime but orders still took a week then failed altogether. Unacceptable.,"@246254 We always aim to meet the estimated delivery date provided at checkout. Is this the date we missed? Please let us know, we'd like to help! ^JO",Language.ENGLISH,118,
517559,517553,517554,@AmazonHelp I need someone that will actually resolve the issue instead of just doing the bare minimum. I’m not sure if I should just dispute the charges with @116988 or file a complaint with the @118156,@239345 We'll reach out once we've had a chance to go over the information. Thank you for your patience. ^LJ,Language.ENGLISH,203,
1710105,1710105,1710102,"Apparently "" The carrier was not able to access the front door to deliver your package."" is how @115821 says it's too lazy to climb stairs.",@370683 Sorry about this! Could you confirm with us the carrier for delivery shown in your order tracking?:https://t.co/Y5jpI9gRhE ^VB,Language.ENGLISH,139,
971010,971033,971035,@AmazonHelp We are going back to square one where we started i have sent all details and screenshot on Twitter check &amp; respond no one is willing to y?,"@294193 We can't access your Amazon account over Twitter. To help us investigate, kindly write back to our correspondence. ^CB",Language.ENGLISH,154,
313261,313261,313259,@115821 ordered 1 treadmill from Amazon. Have not received yet. Even Amazon customer care not helping. Very poor service,@190808 What were you advised when you contacted Customer Support?^CD,Language.ENGLISH,120,
1347554,1347554,1347553,Never use @115821 chat when u have concerns on your package! rude and will pass u to different people if they don’t want to deal with u 😡😡😡,"@434252 Hey Roxanne, I'm so sorry! Are you waiting on a package that's missed the promised delivery date? We're here to help!  ^PF",Language.ENGLISH,139,
385650,385650,385649,@115830 do ur drivers not knock?Just watched a driver drop a parcel over my fence &amp;destroy my plants on the other side.Didn't even knock!,"@207290 Hi Angela, I'm really sorry! Please submit this form so we can investigate it further: https://t.co/tkLCr7DNil ^AT",Language.ENGLISH,141,
2631435,2631435,2631434,@AmazonHelp i got an email saying my order was delivered through the letterbox but i never got it. what should i do?,@743045 So sorry to hear about the issue with your parcel! Please contact us via phone or chat so we can explore all available options with you:  https://t.co/JzP7hlA23B ^MW,Language.ENGLISH,116,
2017554,2017554,2017555,@119625 Please provide list of films and tv shows added in November 2017,@596663 Sorry to inform that we can't provide the details. But all the recent movies and tv (1/2)^HR,Language.ENGLISH,72,
2721780,2721780,2721779,@117634 dear Kindle. Please do update the version and update some new features,"@763640 Kindle devices/apps connected to Wi-Fi will be auto-updated as soon as a new update is released. Further, please specify the features you're looking forward for; we'll be happy to share it across our Kindle team for consideration. ^VN",Language.ENGLISH,78,
2981605,2981605,2981604,@AmazonHelp cashback for the recharge haven't yet received.,"@822357 Sorry to know about that. Please call us here: https://t.co/TK4yevTaND, we'll check it  for you. ^NR",Language.ENGLISH,59,
529105,529104,2821098,"@AmazonHelp It's really felling bed ,after waiting so long n ordered placed at the time of launch where it took time to place order n finally this is happening.very disappointed from amazon.n they are saying I am deny to receive the order where no one call.","@242510 We'll not be able to view your order details on social platform, Pankaj. Please reach out to us from the link provided earlier and we'll check this. ^YP",Language.ENGLISH,257,
2310691,2310690,2310692,@AmazonHelp Yes hv already reported.Please help m by sending it on Friday evening ir Sat bt no weekdays .,"@670158 I believe your request is forwarded by our support team to the relevant team, a notification will be sent if your order is out for delivery. Request you to keep us in loop. ^MJ",Language.ENGLISH,105,
776046,776045,776044,@305433 @136279 @115821 I'm having the same issue with my Amazon Echo Show and Arlo,"@305432 Give us a call, we can take a closer look into this. We're available 24/7 here: https://t.co/hApLpMlfHN ^EP",Language.ENGLISH,83,
1561551,1561551,1561550,"@AmazonHelp hey, so an order I placed was supposedly delivered yesterday to a resident but I never actually received it?? What do I do??","@290608 Hey, thanks for letting us know! Let's try following the steps found here to locate your package: https://t.co/Q5aH9YbTDJ ^FD",Language.ENGLISH,136,
842114,842114,842113,"@AmazonHelp I'm using apple IOS 11 in that Amazon app is nt rotating (🔄) orientation , i have checked with apple no issue frm they side 🙏",@126369 Have you tried restarting the device? ^HA,Language.ENGLISH,137,
261251,261251,261250,@AmazonHelp not happy with the massive hole in my @82463 box... won’t be able to test it out for any damage for a few weeks either... https://t.co/7oHSaV0sRC,"@178202 I'm so sorry for the inconvenience, Sophie! Have you had a chance to check options here?: https://t.co/z4opnZS4lf ^VB",Language.ENGLISH,157,
294233,294276,294277,@AmazonHelp Wait for how long. 21 days already..,@185733 We apologize for the stretch. We'll ensure to close the issue at the earliest ^CB,Language.ENGLISH,48,
919829,919832,919833,@AmazonHelp I was told I'd either get delivery or get a refund by yesterday. Neither of your assurance came true. This is frustrating.,@338344 We're sorry to know your concern isn't resolved. Please fill this form: https://t.co/beaaDm0muc and we'll sort this.^SF,Language.ENGLISH,134,
459962,459960,459959,@AmazonHelp There were two orders today. Both say delivered by USPS and neither is here.,"@166837 We'd like to look into this with you. When you have a moment, please contact us by phone or chat here: https://t.co/EKXRLsnxJu ^AC",Language.ENGLISH,88,
1551622,1551622,1551621,Ordered a ninja blender on amazon and literally only received the top part and not the fucking MOTOR BASE wtff how am I supposed blend shit,@480134 I'm sorry the order was incomplete! Was it shipped by Amazon or a third-party seller seen here: https://t.co/Y5jpI9gRhE? ^JM,Language.ENGLISH,139,
1742681,1742680,1742682,@AmazonHelp No email linked to account 😭😭😭,"@162488 My apologies, Devesh. Please reach out to us via: https://t.co/z71JuXxmYn and we will have this checked further. ^KS",Language.ENGLISH,42,
2795366,2795372,2795373,@AmazonHelp Yes. We were told if the package doesn’t arrive tomorrow we would be up for compensation. We now know the package has never been sent.  Two day shipping indeed. Very disappointed and upset my vacation is being stressed.,"@780044 I'm sorry for the ongoing frustration, Adam. Having a stressful vacation is not what we intend. Please keep us updated on the status of your order. ^JP",Language.ENGLISH,231,
490612,490612,490611,Disappointed with @115830 . Disappointed girlfriend too. I think twice ordering again 😠,"@231868 I'm sorry for the poor experience! Without including any account details, can you tell us more about what's happened?",Language.ENGLISH,87,
537573,537572,537574,@AmazonHelp Thanks a lot! :),@182211 You're most welcome. :) ^NK,Language.ENGLISH,28,
504936,504936,504933,@AmazonHelp Day 5 no package y'all- no response from the seller (AS I EXPECTED [but was forced to wait]). Yet y'all hung up because my irritation. Well what the fuck y'all??!!?? My son's Teddy bear should already be here. https://t.co/FFmdDe3Wmo,"@235764 I'm sorry for the poor experience! This isn't the expectation we've set. Just to clarify, was your order both shipped from and sold by a third-party seller? You can find this information here: https://t.co/q4LAMZ3tbE ^AC",Language.ENGLISH,245,
1249710,1249710,1249709,and now the panic sets in because i needed this by tonight. @115821 😤 it shipped later than it should have &amp; now it didn’t arrive on “time.” https://t.co/ICr2PEYKUl,@413212 I'd like a member of our team to look into this for you. Please send your details here: https://t.co/262o8S8bB5 ^GM,Language.ENGLISH,168,
1681760,1681760,1681758,"@115850 Wen customer call to complaint undelivered item updated as delivered,block dem from calling customer care? https://t.co/g1iVvhHcVp","@511301 I'm sorry to hear that your number got blocked. But, you may use the email or chat option via https://t.co/TxK11znixD. ^AM",Language.ENGLISH,138,
1488354,1488354,1488356,"@115850 __email__ ORDER # 408-4116915-9064347
I am very very unsatisfied with your product adn return process.Please Avoid amazon",@465721 I’m sorry about the hassle regarding the return. Please drop in your details here: https://t.co/GIJyeYqKE0 1/3 ^SB,Language.ENGLISH,129,
927522,927537,927538,@AmazonHelp I have replied to each and every correspondence. Sadly the buck just seems to be passed on. And still no resolution. Absolutely disgusted with the service. Will never use @115850 again. #worstcustomerserviceever,"@340068 I understand your concern, Sudesh. Please reply to the email you've received from us. I'll get back to you. ^HD",Language.ENGLISH,223,
1004648,1004648,1004646,@115821 has the absolute best customer service. Their agents are so polite and helpful. #whatcustomerseeviceshouldbe,"@357789 Thanks for your kind feedback, Rachel! We're always here to help whenever you need us. ❤️ ^AB",Language.ENGLISH,116,
2627650,2627648,2627647,"@AmazonHelp paid via amazon pay to faasos
and was assured 50% cashback
the cashback is not yet credited into my wallet","@742151 I understand your concern regarding the cashback, please contact us here: https://t.co/vlvfJr4nN9 so that we can assist you accordingly. ^PJ",Language.ENGLISH,118,
2381789,2381791,2381794,@AmazonHelp Please see the previous responses q,"@686674 Hi there! We don't have access to your Amazon account via Twitter, but we'd like to help in any way we can. Like mentioned previously, please provide us with more details? Is this about an order? ^LH",Language.ENGLISH,47,
726109,726124,726126,@AmazonHelp There is no communication with regards to cashback. Will I get cashback or not.,@293938 Sorry for the inconvenience. We can't gain access to your account details via Twitter. (1/2) ^KA,Language.ENGLISH,91,
605113,605101,605102,@AmazonHelp Seems ur team is working in dreams. The day is over. There's no whereabouts of my order. This has been so embarrassing for me. Just try to put ur foot in ur customer's shoe. Pathetic service!! Have been wasting my time with u for 2 days. Is anyone listening?? @119356 @115821,@263833 I understand that you haven't received your order. Please be assured that our team is working on it and will get back to you soon with the resolution. I also request you to check your inbox for an email correspondence sent by our Social Media Team. ^MD,Language.ENGLISH,287,
2280812,2280810,2280809,@AmazonHelp I have to login to view the page.,@663013 Oh dear! Sorry about that! Here is a better link to help skip the need to sign in: https://t.co/jzvkhdlrK5 ^ST,Language.ENGLISH,45,
996739,996739,996738,@AmazonHelp Amir in your chat customer service department is useless and made my problem worse.,@356025 I'm sorry we let you down! Would you be able to let us know what is going on with the order? ^DD,Language.ENGLISH,95,
454640,454640,454639,@115821 How is Amazon Logistics so consistently unreliable? 2 day shipping my arse.,@222893 I'm sorry for the trouble! Do you currently have a delayed order coming via Amazon Logistics? ^EZ,Language.ENGLISH,83,
657990,657990,657989,Just got my order of Greek Gigantes Beans from Amazon.😍😍😍😍 I'll cook them soon and keep some to plant this spring inshaAllah. https://t.co/HWQjMmi3Hk,@276635 You'll have to spill the beans on your cooking techniques! Enjoy! 😁 ^FD,Language.ENGLISH,149,
9767,9767,9778,"Worst experience in shopping no product no refund , been 40 days. F&amp;@694 it @115821","@117789 Apologies for the delay in delivery of your order, Benish. We'd like to take a closer look. 1/2 ^HD",Language.ENGLISH,87,
1006585,1006585,1006583,When your having a bad day and then this happens 😖 @AmazonHelp https://t.co/KVRMsVQR0R,"@358193 Without giving personal details, how can we help? ^JF",Language.ENGLISH,86,
1718663,1718653,1718656,@AmazonHelp Agent couldn't give me any details but said the relevant team will be in touch by email. No emails so far and still showing arriving,@520356 Hi Arthur- Was a time frame provided as to when this team would be contact? Have you access to your account? ^NV,Language.ENGLISH,144,
2676402,2676402,2676401,"@115851 @119356 @115821 Now one more case reported, item was supposed to be delivered 2day n m still sitting and waiting at office only https://t.co/jdWyNihI9E","@426693 Please don't provide your order details, we consider it personal information. Our Twitter page is visible to public. ^HA",Language.ENGLISH,159,
504953,504953,504952,@115830 prime is nice but when your delivery drivers break our front door it’s not worth it. 😡 https://t.co/qjxqTuxxDU,@235341 I'm so sorry for the damage! We'd like to look further into this. Please reach us by phone or chat here: https://t.co/JzP7hlA23B ^AB,Language.ENGLISH,118,
318785,318784,318786,@AmazonHelp i dont understand why your supervisor provide me wrong details,"@192049 I'm sorry, could you please elaborate on your concern? We'd like to check it. ^HD",Language.ENGLISH,74,
224580,224580,224578,@115821 why yall charge me for shipping,@169656 Does the item your purchasing qualify for free shipping: https://t.co/hj3XcWWON5? ^CL,Language.ENGLISH,39,
273840,273830,273831,@AmazonHelp Where are we on this??,@181433 You can check for our response here : https://t.co/DTSNmGldJf . ^CB,Language.ENGLISH,34,
2216880,2216878,2216877,@AmazonHelp Was eligible for a cashback under SbI cashback offer back in August. Didn't receive yet,"@381569 I'm sorry for the inconvenience regard to cash back offer, Jenil. Please reach us from here: https://t.co/rS49hgaADF we'll check your details and assist further. ^SV",Language.ENGLISH,99,
902316,902315,902317,@AmazonHelp Yes it was supposed to be here today the 20th and I payed extra instead of using amazon prime two day,@334211 Oh no! Let's look into available options via phone or chat here: https://t.co/hApLpMlfHN ^ML,Language.ENGLISH,113,
1288422,1288418,1288416,@AmazonHelp I think you should only make people fool in the name of customer support...no any sensible customer service....no concern to customer queries.....such a pathetic n disappointing service,@158298 I get your disappointment. Kindly confirm if you've shared your details via the link shared above? ^SG,Language.ENGLISH,197,
1210687,1210686,1210688,"@AmazonHelp Tuesday, both items were prime items &amp; ordered for 2 day shipping. Am I missing the point of prime?",@404182 I'm sorry! Some items take a little longer to process. We aim to deliver by the date given in your confirmation e-mail! ^TK,Language.ENGLISH,115,
155067,155067,155065,"@115850 @115821 

I would like to report you about @1584  company which is basically a fraud. You can check reviews online. 
Amazon is well know for it's customer policy. For OneAssist, it is well known for it's frauds.Kindly consider this request to remove OneAssist",@151565 We would like to understand your issue in a better way. Kindly elaborate on your concern so that we can assist you. ^GD,Language.ENGLISH,267,
1535524,1535524,1535523,@115821 thanks for delivering my package today.... TO MY DOG!  One of your “smart” delivery people threw it in my back yard! You guys suck,@476135 Sorry you order was delivered like this. Reach us here to leave carrier feedback and go over options: https://t.co/8MRsC7grbx ^CL,Language.ENGLISH,138,
231881,231881,231883,"@115821 one of my freind wrongly order no. 402-7177970-5140347
redmi4 but i want to buy redmi note4, i request you to please help me.","@171216 Kindly fill in your details here: https://t.co/GIJyeYqKE0 and we'll look into this for you. Also, please don’t...^PB (1/2)",Language.ENGLISH,133,
2543888,2543888,2543886,@115821 another broken promise to resolve a complaint within 24hours. You charge me incorrectly for something I've not purchased then pretend like its down to me to resolve it. #theives #Liars #stealingrobbingbastards,"@723158 I'm sorry this hasn't been resolved! Have you had a chance to speak with us about this over the phone regarding this? If not, you can do so by visiting us here: https://t.co/JzP7hlA23B and we can help. ^TK",Language.ENGLISH,217,
5323,5324,572412,@116935 The deals not showing up for me...?,@254496 This promotion is only valid for new Amazon Music Unlimited subscribers. Have you tried or subscribed to Music Unlimited in the past? ^KB,Language.ENGLISH,43,
2208631,2208630,2208632,@AmazonHelp From Amazon. It's okay maybe there was a miscommunication.,"@645659 If you'd like, we can take a closer look into this with you via phone/chat here: https://t.co/hApLpMlfHN ^KP",Language.ENGLISH,70,
932250,932244,932246,@AmazonHelp Amazon Shipping,@341136 Can you contact us here: https://t.co/JzP7hlA23B? ^MC,Language.ENGLISH,27,
973962,973958,973959,@AmazonHelp We maybe out in the afternoon. But back by early evening.,@136496 You can always make a request to the carrier to leave the parcel at a safe place. Take a look here:https://t.co/T7IOcwBvU3 ^CR,Language.ENGLISH,69,
419189,419189,419188,"Dafaq is this @115850? The phone is originally only 14999, not 17199. https://t.co/RshsVcEJKj",@214977 The price you currently see on our website is the best we can offer at this point in time.(3/3)^RS,Language.ENGLISH,93,
431575,431575,431576,@115850 No response to my query even after bringing the concern to your natice on FB.  https://t.co/ebmKnMqdku #Shittycustomerservice,"@217604 I'm afraid, we're unable to access the link that you have shared. ^MP (1/2)",Language.ENGLISH,133,
279485,279485,279480,@115850 why can't I comment like this i got lose by purchasing your crap product and you refusing to accept it https://t.co/qNMNsSO79y,@182616 We welcome all reviews on our website as long as they abide to the guidelines referred here: https://t.co/NL0u2rPBfv. ^SI,Language.ENGLISH,134,
1381747,1381746,1381749,@AmazonHelp They didn’t mark it as a gift because we already knew how much it cost etc. Not even an answer on how long to get this fixed.,@441594 Thanks for confirming Ashly- If it isn't marked as a gift for security reasons we need to speak with the purchaser 1/2 ^NV,Language.ENGLISH,137,
670451,670450,670452,@AmazonHelp It is... What more can one expect. A birthday gift reaching on time... Thanks to Amazon Transportation Team. You have my loyalty :),"@279929 Hey, Happy Birthday, a timely delivery turned out to be a birthday gift. We'll try our best to spread the smile. Cheers. ^SI",Language.ENGLISH,143,
298441,298441,298439,"Disappointed that my book order from one of @115830 suppliers hasn't arrived yet, waited well past the delivery date. #poor",@187110 I'm sorry your order hasn't arrived. Have you had a chance to contact the seller about this: https://t.co/ONlANRfiT1? ^RA,Language.ENGLISH,123,
1197140,1197138,1197141,@AmazonHelp Already talk to CS GUY he hang up on me,@401284 Please give us another chance to make this right. Contact us by phone or chat here: https://t.co/hApLpM3Ejd ^BA,Language.ENGLISH,51,
909881,909883,911232,@AmazonHelp @115850 Contacted ur Helpdesk. Promising delivery by end of day. Why would you guys promise and charge extra for early delivery??,@336120 and we’ll contact you at the earliest.(2/2)^AU,Language.ENGLISH,141,
1135112,1135112,1135110,@AmazonHelp my amazon prime video has stopped playing anything in HD on Wi-fi on my iPhone 7+. What do I do?,"@387420 Hi, have you been able to run through these trouble-shooting steps: https://t.co/Vp39SRQWvX ^TS",Language.ENGLISH,108,
671803,671797,671799,"@AmazonHelp Same rubbish that we always receive:
My name is Tibi, and I am a member of the Amazon Flex Support Team. Jeff received your e-mail and requested that we research this issue and respond on his behalf. I will be sure to update their office on this correspondence. 

😡👎🏻","@280281 Hi Colin, that doesn't sound good please follow this link: https://t.co/tkLCr7DNil and fill out form and we will be in touch. ^HS",Language.ENGLISH,279,
458951,458951,458950,@115821 just typed 12 captcha codes in a row WTF? You don’t want me to buy anything?,"@223991 I'm sorry for the poor experience! Were you able to access your account, or are you still unable to? ^WT",Language.ENGLISH,84,
2956983,2956985,2956986,@AmazonHelp I mean on this screen. It only lets me pick one card. The blue one is the gift card that I have but it doesn't have enough to cover the entire purchase so I have to use the one that's green as well but it only lets me pick between one... https://t.co/EPGOkZuJQf,@491139 I'd like to take a look into this in real-time! Please reach out here: https://t.co/hApLpMlfHN so we can go over your options. ^AD,Language.ENGLISH,273,
737147,737149,737150,@AmazonHelp Not received any update .,@296315 If you've filled in your details through the link provided earlier. I'm sure our team would reach out to you soon. ^VM,Language.ENGLISH,37,
323382,323382,323381,. @119625 where is second episode of Young Sheldon? Please release it.,"@193007 Please stay tuned Narendra, we'll announce it soon. ^HN",Language.ENGLISH,70,
1699318,1699313,1699312,"@AmazonHelp Why r  u scared on social media platforms. U r a fraud company seling fake products so trying to isolate each customer individually. I challenge you for open debate here, I will prove you are a fraud company.  I have met with every logical demand your illogical officers asked for","@270757 In order to better assist you, please reply back to our email and we'll get back to you soon. ^PS",Language.ENGLISH,292,
2471701,2471701,2471699,"Just spent 85 dollars on pringles, beef jerky, pop tarts, and granola bars through @115821 at 4:30 in the morning thanks to their online app.

Smartphones are a disaster

Send help",@706889 We are glad you love our online App. Everything at your finger tips 24/7! ^BD,Language.ENGLISH,180,
191734,191734,191733,"If my robot butler can’t tell me the parking situation at the new Trader Joe’s on Capitol Hill then what’s the point, really. cc @115833",@161057 Hey there! Let's see if this helps with alerting you to traffic conditions: https://t.co/XKacZxn9x9 Hope this helps! ^FR,Language.ENGLISH,136,
230246,286288,286290,"@AmazonHelp I will reply. Meanwhile, i hv also given my feedback if u guys really bother to see those feedbacks.",@184201 Be sure that I will forward your feedback to our team internally. ^SB,Language.ENGLISH,112,
2276770,2276770,2276769,"@115850 ur filter on app is pathetic. Whenevr I select mobile in department and sort price frm low to high, it starts shwing mobile accessories, same happnd when I searchd wshng mchins, it shwd pipe. This is not d case with Flipkart's filter",@662158 That seems to be strange. I'll be sure to pass on this internally to the concerned team for a review. ^GD,Language.ENGLISH,241,
617069,617069,617068,"@115830 Hi, I am trying to cancel an order as the product is now being sold cheaper so i want to re-buy but it is saying that it is unable to process my request when i try to cancel. Please Help!

thanks!",@266400 If the order has not yet entered the dispatch process we may be able to help. Contact us here:  https://t.co/JzP7hlA23B so we can see what options are available. ^MI,Language.ENGLISH,204,
1276257,1276249,1276251,@AmazonHelp Can you see that the book on SAP ABAP that I ordered has an expected date of delivery as 18th ?,@131541 I'm sorry we do not have access to your account details over Twitter. Pease refer to the above link so we can assist ^SU(1/2),Language.ENGLISH,107,
538498,538498,538497,"@115850 

How to identify what's the device?

At least model number will be helpful https://t.co/cJPaug9nIZ","@244845 I get your concern, Kalyan. Please reach out to our support team here: https://t.co/jpaEbcdLdg and we will assist you further. ^NK",Language.ENGLISH,107,
1868776,1868782,1868783,@AmazonHelp Not helping! Let it be..,"@558209 I'm sorry, it didn't work out. Your feedback has already been forwarded to the concerned team for review. ^HA",Language.ENGLISH,36,
1563863,1563846,1563847,"@AmazonHelp What do I do not understand the information in your links, help me",@450218 Could you let us know what's the trouble you're facing while trying to fill the details? ^AP,Language.ENGLISH,78,
1047217,1047217,1047216,Looks like @115821 has an angry email coming their way... Last time I pay for their 'next day delivery' https://t.co/FXwlZtd9jZ,"@367522 Hi, I am very sorry to see this. Have you reached out to us already to report this mishap? ^CR",Language.ENGLISH,127,
500690,500688,500687,"@AmazonHelp No, it was from Amazon.",@234605 Thanks for confirming. We'll make sure your order is shipped to arrive by the delivery date listed in your order confirmation e-mail. Please keep an eye on your inbox for a shipping notification. ^RA,Language.ENGLISH,35,
1328566,1328566,1328565,@115850 I guess the Lightening deal is just for cheating. Ordered the same product twice and wass canceled by @115850 . Not impressed,"@429957 Sorry about that. Please be assured, I'll be certain to pass this on as a feedback internally. ^PB",Language.ENGLISH,133,
843370,843372,843373,"@AmazonHelp I do not know how to see that, my emails just say delivery by amazon shipping","@320554 Can I ask, have you received an update regarding this delay via email please? Please check your spam/junk folder, as it may have been directed there.^GA",Language.ENGLISH,89,
2769065,2769065,2769064,@AmazonHelp I'm really frustrated with ur poor delivery service.,"@772355 I understand your concern regarding our delivery service. Please be assured that your feedback will be passed internally. Further, you will receive your order as per the delivery estimates. ^MD",Language.ENGLISH,64,
80522,80526,80527,@AmazonHelp That’s it? Pretty poor customer service all round then.,@133881 Please contact us with the link provided so that we can investigate this further.^PJ,Language.ENGLISH,67,
1205452,1205452,1205451,Happiness is when your pre order arrives before time ☺️☺️ #AmazonEcho #Alexa #Amazing #LovingIt #SuperCool @115850 @115833 @115821 https://t.co/wad1VdF4Id,@214571 That's amazing. How are you liking your new product? ^SF,Language.ENGLISH,154,
1253003,1253003,1253001,"@115850 My order, to be delivered on 21st October 2017 is still not delivered.. Customer Care isn't responding! Kindly remedy!",@413930 I apologize for the delay in delivery. Kindly share your details here:https://t.co/beaaDm0muc and I’ll contact you soon.^VH,Language.ENGLISH,126,
1421373,1421369,1421368,@AmazonHelp That would be helpful if Amazon didnt split my order into multiple boxes.,@450387 Do you have a particular order that you are waiting on? ^PK,Language.ENGLISH,85,
1411571,1411571,1411573,@115850 here it is showing refund has been issued but I didn't get money yet. https://t.co/P4s3LJf2Nq,"@448076 Please contact us here: https://t.co/TtsYwiYpWP, via chat, call or email and we'll check it for you. ^NR 1/2",Language.ENGLISH,101,
2946768,2946778,2946779,@AmazonHelp You asked me earlier for the carrier name. I gave it to you. Is someone following up with them?,@808795 We've received your details and we will be in contact as soon as possible. ^ZW,Language.ENGLISH,107,
2859841,2859841,2859840,AMAZON WHERE THE FUCK IS MY PACKAGE,@794708 Thanks for reaching out to us today. Have we missed the delivery date given in your order confirmation e-mail? You can check your order status here: https://t.co/Y5jpI9gRhE  ^FJ,Language.ENGLISH,35,
30550,30549,30551,@AmazonHelp Many sellers are affected by this!  We can't get our money disbursed from Amazon seller accounts.  It's been going on for a week !,@122722 Seller Support is in the best position to help you: https://t.co/8ywYGA122j What options have they provided so far? ^AF,Language.ENGLISH,142,
2610698,2610698,2610696,Not sure why @115821 keep ignoring my safe space request and leave packages at the front of my house which keep getting stolen!! #awfulservice,"@738297 I am very sorry to hear this Ashleigh. Can I ask, have you reached out to our customer service team so they can recktify this for you? Thanks. ^GA",Language.ENGLISH,142,
753529,753547,753549,@AmazonHelp @115850 again no delivery .. now a month since the order was placed. Multiple escalation. Still no show,@300095 Sorry for the delay. Please reply back through the mail sent to you from our team and we will get it resolved. ^GU,Language.ENGLISH,115,
1722501,1722503,2200669,"@115833 @126972 Just got the echo show.. turn off hints, PLEASE!  I hate them  enough to return this damn thing!  They are obstructing my photo and I am not an idiot! I don’t need your constant hints on my screen!!!","@643614 Hi there! I'm sorry that you're having some trouble with the hints on the Echo Show. This link provides information on all of the Show's settings: https://t.co/fy5a13Hi6P  If none of those settings are helpful, please reach out to us for further assistance!  ^SP",Language.ENGLISH,215,
340890,340885,340886,"@AmazonHelp To reset my password. Your system will not send me a code or a link. My email works, I’ve tested it, &amp; you’ve sent me ads.","@197436 Understood. This is the info we'll need when you call, so we can stay on the phone with you until it is fixed. ^JR",Language.ENGLISH,138,
382627,382625,382623,@115821 @AmazonHelp instead of as in image tells me what is not available on checkout and post address pick. for a power user i have multiple addresses can pick https://t.co/m3ohNokaaD,@206706 I'm unable to comprehend your concern. Could you please elaborate so that we can assist you accordingly? ^RB,Language.ENGLISH,184,
145715,145715,145716,@115821 @115850 ordered black shoes n received grey shoes n both the shoes pattern is also different @AmazonHelp #A2Z Alpha seller..... https://t.co/b0FUbC0dbd,"@149052 you at the earliest. Also, please don't share your account/order details as we consider it to be personal information. Our Twitter page is visible to public. 2/2 ^KH",Language.ENGLISH,159,
2309755,2309755,2309753,@115821 Your Amazon Prime 2-day shipping is a myth.,@669905 I'm sorry for any trouble. Do you have a current order that's late? Please let us know w/out sharing any account info. ^LR,Language.ENGLISH,51,
1656199,1656199,1656198,Someone stole my Amazon package with cat toys and condoms. The thief is gonna be either very confused or very concerned.,"@505389 I'm sorry your package was stolen! Have you contacted us about this yet? If not, here's a link: https://t.co/JzP7hlA23B ^AY",Language.ENGLISH,120,
1328609,1328609,1328608,@AmazonHelp The bigger you are the worst the service ordering from prime a crapshoot deceptive ishipping info unexplained delays not worth $,@429967 So sorry to hear this! Have we missed a delivery date on a recent order? You can check here:  https://t.co/Y5jpI9gRhE ^MW,Language.ENGLISH,140,
1866929,1866928,1866930,@AmazonHelp All the email said was we are still trying to obtain the items. I now have a very upset 7 year old!!,@557733 Please get in touch with us here: https://t.co/JzP7hlA23B and we'll look into this for you. ^RL,Language.ENGLISH,112,
2346231,2346231,2346230,Hey @115850 . Received Fossil shoes in a Ruosh box. Also wrong shoe delivered https://t.co/UQci6YsMr4,"@678402 Well, that's unusual. I'm sorry about the experience. Have you reported this to our support team here: https://t.co/vlvfJr4nN9 ? ^MP",Language.ENGLISH,101,
2312299,2312298,2312300,@AmazonHelp Yess I did should I go check?,@670578 Hi there! You can learn more about Amazon Locker here: https://t.co/McNDi8ZI72. Let us know if you need more help! ^LH,Language.ENGLISH,41,
1099827,1099826,1099828,@AmazonHelp So now will you help me or just provide some philosophy?,@186171 Could you confirm if we missed on the estimated delivery date ? ^HT,Language.ENGLISH,68,
47899,47899,47897,@117634 hey my app not working &amp; I’m trying read.,@126711 I'm sorry for the trouble! Have you tried the steps listed here: https://t.co/NEXk38YYSD? Let us know if this helps! ^TG,Language.ENGLISH,53,
260802,260800,260799,"@AmazonHelp It was a ""transit delay"" cited as the reason.",@74273 Were we able to provide you with a new delivery date? ^CO,Language.ENGLISH,57,
2156954,2156954,2156953,@115830 I've tried 3times to get a refund on a damaged item and all 3calls I've made to your customer service get cut off when I'm speakin,@633643 Sorry to hear about this. What was advised when you contacted? ^PK,Language.ENGLISH,138,
573496,573496,573495,After #tenyearsofkindle and constant #screenissues  I'm going to find another option for my #weak #kindle @137341 despite reaching out to customer service I get #excuses and #fobbedoff #anythingbutkindle,@253805 We've received your details. We'll get back to you at the earliest possible. ^JS,Language.ENGLISH,203,
2276806,2276806,2276805,"Thanks @115850 for regular contests on app. I won @50825 cash coupons. Redeemed it for booking flight tickets 😀 
Keep the contests coming 👍",@662163 Woohoo! Glad to know that. Thanks for participating and happy shopping. ^MO,Language.ENGLISH,139,
1997742,1997742,1997740,"Dear @AmazonHelp, why are your delivery drivers incapable of reading instructions? Leave in safe place does not mean ""don't deliver if out"".",@590699 I'm sorry for the delivery issue! We'd like to look into this with you. Please contact us here: https://t.co/JzP7hlA23B ^WT,Language.ENGLISH,140,
1547573,1547573,1547572,"@115850 You guys don't care about your customers, do you? I haven't received any product or even a call back. Please please HELP! https://t.co/5nFqBWK9uV",@479141 here: https://t.co/GIJyeYqKE0 &amp; we'll take necessary actions to make things right. 2/2 ^MJ,Language.ENGLISH,153,
1953644,1953643,1953642,@115830 @AmazonHelp,"@579982 Hi, what delivery option did you select when you placed your order? ^BZ",Language.ENGLISH,19,
2877747,2877745,2877743,"@AmazonHelp No, all he needed to do was scan the qr code &amp; put the label on but he made it such hard work, said he was too busy with other paperwork, not my problem! So just walked out, felt as though my business wasn’t valued! This was at Smisby news in Ashby de la Zouch",@798780 We'd like to speak with you about this to get to the bottom of it! Please reach out to us via phone or chat here: https://t.co/JzP7hlA23B. ^DG,Language.ENGLISH,276,
461353,461355,461356,"@AmazonHelp thanks, it says: Shipped with AMZL US
And it left the shipping facility at 2:36pm with delivery by 8pm","@224617 Sometimes packages will still arrive up to 9pm when delivered by AMZL. If you don't have it by then, please let us know. I'm so sorry for the trouble with this! ^HS",Language.ENGLISH,114,
2598491,2598490,2598489,@AmazonHelp it started working now :),@217405 Awesome! Do keep us posted if the issue persists. ^PB,Language.ENGLISH,37,
557004,557001,557002,@AmazonHelp Thanks,@250060 You're welcome. ^NR,Language.ENGLISH,18,
1597249,1597249,1597248,Always put your shoes on when the Amazon food delivery driver is close by because you might have to meet them in the street,@490665 I'm sorry for any inconvenience this has caused; have you recently had an order improperly delivered to your location? ^WM,Language.ENGLISH,123,
1103606,1103606,1103605,"How is it possible, I cannot understand. Looks like you're walking the same path as others @115850 https://t.co/SNn9oG6pi5",@380243 We've responded to your concern here: https://t.co/cSg5lsBBzz please check. ^KA,Language.ENGLISH,122,
863392,863387,863388,@AmazonHelp I already bought it when it was for 700 rs. Thankfully. Just asking how do prices increase so much? How do I trust your pricing mechanism?,"@325020 As Amazon.in is a marketplace, the products are sold by individual sellers/suppliers. (1/2) ^AS",Language.ENGLISH,150,
255000,256664,256665,@AmazonHelp For morw info please go through below link.Your Amazon order will be delivered by Blue Dart on 27-SEP-17.Track on https://t.co/1jpnoGb22u,"@176625 Please don't provide your details, we consider it personal information. Our Twitter page is visible to public. ^HD",Language.ENGLISH,149,
377933,377943,377944,@AmazonHelp I did and the message that appeared was “this service is unavailable”,"@205681 Sorry about that, please try this link instead: https://t.co/hApLpMlfHN ^MG",Language.ENGLISH,81,
2337979,2337979,2337978,@116618 have really updated their film collection since i was a last a member. Looking good. #amazon #film #thefounder,@676384 😎 Enjoy! Have a great weekend Alex. ^CR,Language.ENGLISH,118,
340161,340161,340158,Enforce a policy on proper storage/shipping/handling of vinyl records @115821,"@197240 We'd like to help! Have you had issues with a recent order? Without providing order info, please tell us what happened. ^KB",Language.ENGLISH,77,
439660,439677,801621,@115850 Where is winnirs list of #appguesswho  and trainsofcards,@311015 Here it is: https://t.co/gsqCi3aH9R. ^HN,Language.ENGLISH,64,
311527,311540,311541,@AmazonHelp @115850  @AmazonHelp please resolve my issue and let me know why no one came to pick up even after your promise.,@190398 Sorry about that. I'd like to help. Please share your details here: https://t.co/cQVomR1pWz and I'll reach out to you. ^SK,Language.ENGLISH,124,
180621,180623,180624,@AmazonHelp always false commitment. Since 18th Sept I am not getting my product.Everyday saying it will be delivered by today.This is really upsetting.,@158464 look into the issue and get back to you. 2/2 ^SH,Language.ENGLISH,152,
139517,139517,139515,Must say buying prime products on @115830 is the biggest waste of money as none of them are turning up on time.,"@147466 We'd love to help out in any way we can! Do you have a current order that has missed the delivery date we provided via checkout/e-mail? Please let us know, but don't provide any account/personal details here. ^WJ",Language.ENGLISH,111,
2390370,2390440,2390441,@AmazonHelp No that was the last one. I had just screenshotted that to you.,@688588 From the screen grabs you've sent that looks to be us sending the request to the carrier for the 8pm delivery. Keep us updated but it appears as though it should be with you today. ^MI,Language.ENGLISH,75,
1060418,1060417,1060419,@AmazonHelp Thanks it was .co.uk,@370368 Thanks for confirming! Please get in touch with us here: https://t.co/JzP7hlA23B so we can discuss options. ^BG,Language.ENGLISH,32,
353590,353593,353594,@AmazonHelp @115851 : the most customer centric company tells me on call that a refund is initiated and then I have to call your customer care(1/3),@200059 Apologies for the ordeal Gaurav. Please share your details here: https://t.co/GIJyeYqKE0 and I'll get back to you. ^HN,Language.ENGLISH,147,
2465677,2465677,2465676,@AmazonHelp Not only do our 5 subscribe&amp;save items come separately but this..Do u have sustainability goals? Doesnt seem like u do! Absurd. https://t.co/Ai7nyBw2Cr,"@705591 Oh wow! Sorry about that, Chris! You are more than welcome to submit feedback on the packaging here:https://t.co/3EU2bE6gZM ^SA",Language.ENGLISH,167,
1125087,1125087,1125088,@AmazonHelp do you want to tell me why you have took £100’s of my money to be told “we have never had it we don’t know what has happened” 😀😀 ?? FRAUDS,@385289 Hey there! Have you been in contact with our customer service about these unknown charges? ^AP,Language.ENGLISH,150,
292847,292847,292848,"Hi @AmazonHelp @115850 , whats status of ORDER # 405-6680413-3591560 ? got Cancellation Text ! but website showing its gonna dispatched.","@185742 Hi, that's strange! We'd like to investigate this. Please contact us here: https://t.co/vlvfJr4nN9 and we'll check this. (1/2) ^ZH",Language.ENGLISH,136,
417848,417848,417849,"@AmazonHelp I had spoken to customer service 10 days ago and they promised a revert for fire stick
Please advise",@198405 That's odd! Let us check this out for you real quick. Please drop your details here: https://t.co/IT4bLqsOj4 (1/2) ^VM,Language.ENGLISH,112,
2211754,2211749,2211747,"@AmazonHelp No, every time I hit the buy it now button it just returns me back to the basket without completing the purchase I’ve tried about 10 times",@646453 There aren't currently any known issues with the app. Have you tried force closing the app and relaunching? ^AN,Language.ENGLISH,150,
2866030,2866030,2866029,@116439 why tf isn't there a Google play app? can't even cast my songs smh,"@629234 At this time, Fire TV doesn't support streaming of digital video content with Chromecast. I'm sorry for any inconvenience. ^MB",Language.ENGLISH,74,
566667,566667,566666,"@AmazonHelp bought Rhys Darby - 'I'm a fighter jet' on Amazon video, but audio quality is really bad, can barely hear it on tv. Very disappointing. Would like a refund, but see no option for that in order. Can you help me out?",@252861 Let's look into this in real time. Please call or chat with us here:  https://t.co/hApLpMlfHN​ ^BA,Language.ENGLISH,226,
1494286,1494285,1494287,@AmazonHelp It doesn't tell me if my items will qualify for free returns..,"@466971 Hi, this would depend on the item &amp;/or reason for return. The return label would show details: https://t.co/M3v2rxSRMb ^TS",Language.ENGLISH,74,
547969,547969,547970,@115850  Can your customer care team reach me now??? during your sale on no cost EMI conversion you have charged my card for more amount then product price. My number is 9686911186. Thanks,@247495 Being a social platform we'll not be able to arrange any call from social platforms Request you to call us here: https://t.co/vlvfJr4nN9 &amp; we'll check with the No cost EMI issue you have. ^MJ,Language.ENGLISH,188,
652158,652158,652156,"@118919 I don’t tweet much, not at all actually, but I am dying to know : When is Prime Music coming to India? I don’t want to take a — detour — for @1110 at the moment. AmazonPrime all the way, Shop, Watch, Listen!! Save me, please?","@275078 I get your concern about prime music. Currently, prime music is exclusively available with Echo devices. You can access it through the Alexa app. Do keep us posted for any further assistance.  ^SD",Language.ENGLISH,233,
573566,573566,573564,ordered my mic ... today i hope i get it delivered in two days so that i can start recording as soon as i finish the writing cuz i havent uploaded anything in a week i am i am sorry for that exams suck . still going on but i have a two day gap i hope i can upload @115850,@254835 All the packages will be shipped on time so that it reaches you by estimated delivery date. Do keep us posted if you see any delay in delivery. ^SP,Language.ENGLISH,271,
883041,883041,883040,"@115830 I love you but come on, this is excessive. https://t.co/wPcQgqfvkx","@329687 We're always looking for ways to improve! If you'd like, you can leave your feedback with us here: https://t.co/fxgZ6hTrFA ^KP",Language.ENGLISH,74,
288134,288112,288113,@AmazonHelp No compensation? means amazon making advertisements of guaranteed PRIME delivery are just marketing strategy only ??,@184647 We understand things didn't turn up as per your expectation. Your comments has been shared internally for a review. ^BS,Language.ENGLISH,128,
567544,567543,567545,"@AmazonHelp My bank had to reverse the double charge because amazon didn't. At first you guys didn't want to refund the all the purchases and after 3 hour the supervisor agreed to. But my wife was in tears and ""sara"" couldn't even say sorry. at the end called my wife a Bi***..","@253116 Our team would like to take a closer look at this for you, please send us your info directly using this link: https://t.co/hSUKVMrvG6 ^JR",Language.ENGLISH,277,
910725,910725,910726,"@115850 My order for Redmi4 #171-8254972-9881101 despatched thru Aramex tracking #43352377644 has been returned to Amazon, suggest action","@336304 Please don't provide your order details, as we consider them to be personal info. Our page is visible to the public. (2/2) ^GK",Language.ENGLISH,137,
1254619,1254626,1254627,@AmazonHelp Why can't you guys just DM?,@414277 We do not have account access via Twitter. Kindly use the link provided earlier to we can assist you directly. ^MW,Language.ENGLISH,39,
2602326,2602326,2602325,@115850 ORDER # 407-2180816-8377151 was cancelled twice.. payment was done through an active credit card and active debit card but still got rejected.. very disappointed as it was a birthday gift for an one year old boy...,"@736498 Sorry for your recent experience, Selva. We'd like to check this for you. Kindly contact us here: https://t.co/vlvfJr4nN9
Please don't provide your order details, we consider it to be personal information. Our page is visible to the public. ^SY",Language.ENGLISH,222,
1153714,1153714,1153712,@115821 you have return policy on cell phones.?,@391446 Yes we do. Request you to visit the following link for more information : https://t.co/PXc9KoBNao .^SK,Language.ENGLISH,47,
2805842,2805842,2805840,"@115821 whoever ""attempted to deliver"" order# 111-0788419-8980244 should be FIRED cause I been home all night and nobody came to ring my damn bell",@782569 I'm sorry to hear you haven't received your package. Can you tell us who the carrier was? You can check here: https://t.co/Y5jpI9ys9c. ^AY,Language.ENGLISH,146,
2414517,2414517,2414516,It is quite a comment because every time you're courier partners delay delivery dates by giving fake reasons. I'm supposed to get delivery of two orders today but both are delayed now. https://t.co/3QxONCvqdJ,@184029 Sorry for the hassle with delivery. We certainly did not expect this to happen. Kindly report this to our support team here: https://t.co/rS49hgaADF so that we can assist you accordingly. ^RI,Language.ENGLISH,208,
441858,441853,441852,@AmazonHelp Where were you when I filed complaint with ur customer service on Friday thn on Tuesday?? All details n proofs r provided here on Twitter.,@219784 I'm sorry you feel this way. Kindly share your details in the link provided earlier. ^AG,Language.ENGLISH,150,
2745907,2745907,2745906,@AmazonHelp When will the UK get support for controlling your fire stick tv through your echo?,"@768988 We'd love to see what options are available for the setup you want, please reach out to us here: https://t.co/JzP7hlA23B ^EA",Language.ENGLISH,94,
1064866,1064866,1064865,"The most painful thing about my broken/cracked devices is that I'm not the one doing the damage to them. My laptop, my Kindle &amp; now, phone.",@371412 Hi. That doesn't sound good! Is there something we can do to help? ^DC,Language.ENGLISH,143,
372482,372482,372481,I rarely tweet endorsing companies but damn @115821  customer service is amazing! Hands down the best customer service call I've had.,@204257 Thanks for the shout out! It's awesome to hear we could help. We all hope you enjoy the rest of the wait. ^EP,Language.ENGLISH,133,
1445403,1445403,1445401,@128308  do you have plans to bring Alexa to Fire TV as well as control Fire TV from Echo devices feature?,"@455408 We have not made an announcement as of such. However, that is technically a fantastic idea ! ^KS",Language.ENGLISH,106,
2349504,2349504,2349503,What the actual heck @115821 https://t.co/3MaEywR2w3,@679138 We're always looking to make improvements. Please leave us packaging feedback here: https://t.co/5zoceIQWdE ^VS,Language.ENGLISH,52,
2408756,2408756,2408754,@AmazonHelp i have messaged you on sensitive customer issue. Yet no reply and no acknowledgement from your side.,"@692624 In case if you have emailed to us regarding this, we will get back to you with an update. Please keep us posted for any further assistance.  ^BS",Language.ENGLISH,112,
1305187,1305187,1305185,What's the point of paying extra for same day delivery @115821 @AmazonHelp 🗣 if it isn't here by 9 pm? Run me my money back.,@424986 Oh no! Did we miss your guaranteed delivery date that was given in the confirmation of shipment e-mail? ^AR,Language.ENGLISH,124,
2165915,2165915,2165913,Hey @115821 ordered a present with a prime on Monday for a party today...still not arrived 😡 your tracking system is shocking!,"@635694 Sorry to hear that, what's the current status of the tracking: https://t.co/aaDyEz1VgE? ^JJ",Language.ENGLISH,126,
1421319,1421310,1421312,"@AmazonHelp Tomorrow but it’s the time I have the problem with 
Last week my preorder was dispatched on the Wednesday for the Friday release",@428738 I am sorry to hear this - we do aim to meet the delivery date provided in the order confirmation email  ^TD,Language.ENGLISH,140,
527699,527699,527698,@115850 @AmazonHelp - I'm still waiting! :/ https://t.co/M98fbAhSo3,@231841 An email has already been sent with a reply. Kindly check it from the link shared here: https://t.co/NTkrxpaAj9 ^HR,Language.ENGLISH,67,
2903601,2903601,2903600,@AmazonHelp do u have finance options cause my credit card not working i apply for duplicate but it takes long time,"@173465 If you are interested in the https://t.co/nUUp5MLhYl Store Card, you can find out how to apply here: https://t.co/9Usjwixrpg
You can also find information about the https://t.co/nUUp5MLhYl Rewards Visa Signature Card here: https://t.co/6dY2dZnOFF ^JS",Language.ENGLISH,115,
2383246,2383246,2383245,"@115850 Your helpln no. not wrkng, Order No. 407-6618920-5913911.Mob No.9322109351. @93197 shoe detached from sole within 2 months use. Reply fast","@687014 Please don't provide your order details, as we consider it to be personal information. Our Twitter page is visible to the public. 2/2 ^AP",Language.ENGLISH,146,
2131019,2131019,2131017,I watched first episode of Constantine on @119625 and now it says it's not available in your location. Wtf is this?,"@627186 We apologize for the inconvenience, request you to please restart the app and I'm sure this will work. ^SU",Language.ENGLISH,115,
1618338,1618337,1618340,@AmazonHelp Okay. But even if you do not promise  but I still have faith in @AmazonHelp . So I am sharing order number with you . 406-8848204-3904302,@496188 Please reach out to us from the link here:  https://t.co/TxK11znixD and we will assist you accordingly. (2/3)^HR,Language.ENGLISH,149,
2724557,2724560,2724561,@AmazonHelp Yes i've checked and no one has used my card at all as we all have our own.,"@138670 As we don't have access to you account through Twitter, please reach out to us here: https://t.co/JzP7hlA23B so we can look into this. ^ES",Language.ENGLISH,87,
1097668,1097663,1097661,@AmazonHelp No. It still says it's on the way. It's been saying that all day.,"@379030 Understood. When you called us, what information/options were we able to provide? ^BH",Language.ENGLISH,77,
1028178,1028173,1028176,@AmazonHelp Amazon.in,@363314 Sorry for the trouble with the return pick up. Kindly reach out to our support team here: https://t.co/vlvfJr4nN9 1/2 ^EM,Language.ENGLISH,21,
2762733,2762729,2762734,@AmazonHelp sent series of mails to __email__ __email__  bt still I haven't gotten any response,"@772883 We'd like to address your concerns. Without providing any personal or account information, can you tell us more about any issues you're having? ^CN",Language.ENGLISH,95,
1311216,1311214,1311213,"@AmazonHelp Product had a.lot of scratches and dust. Requested sry, Demanded fr a return!!","@426406 I'm sorry about that, Arun. Kindly request a return from here: https://t.co/dgreAZQ5qf. ^GD",Language.ENGLISH,90,
388824,388824,388823,@AmazonHelp  My order id is 4__credit_card__ through DTDC courier.But it is not showing trcking details.Tell me latest position of my order,"@208005 Please don't provide your order details, we consider it personal information.Our Twitter page is visible to public^VN(2/2)",Language.ENGLISH,139,
778336,778336,778335,@AmazonHelp How much do you want to actually deliver the shit I order?,"@305861 We'd like to assist, if possible. Without posting account/order details, can you tell us what happened? ^JR",Language.ENGLISH,70,
2984643,2984643,2984641,"@115821 I can not believe that your customer service can not issue my father a replacement blu ray of The Walking Dead, Season 2","@823024 I'm sorry we weren't able to offer a replacement for you! Without posting personal/account details, please tell us more about the issue and what options we were able to provide. ^BN",Language.ENGLISH,128,
387561,387559,387562,@AmazonHelp my order number is #402-0721166-3566724,@207732 Our Twitter page is visible to the public. 3/3^AP,Language.ENGLISH,51,
272657,272656,272659,"@AmazonHelp They asked me to come office (15Km) and collect the shipment. Order ID 404-1127558-3659539. @145529 spoiling your brandname, stop it",@181097 your details from the link here: https://t.co/beaaDm0muc to assist you accordingly. (2/3)^HR,Language.ENGLISH,144,
2723325,2723325,2723324,"@115850 @202517 I bought samsung galaxy j7 prime on 29 july, today my phone fell down from 1 feet approx. It had a screen guard still it's screen got shattered. What should I do know ? Is there any screen replacement @125607 please help or advice. @AmazonHelp","@763951 I understand your concern, Maverick. I'm sorry we wouldn't be of much help in this regard. Kindly contact the manufacturer for further assistance. ^SY",Language.ENGLISH,259,
144091,144085,144083,"@119356 Can you take action on Courier: Amazon Transportation Services , as they have mentioned that they have deliver to me and they have never been delivered product to me","@148578 Sorry for the incorrect tracking update, Atul. Please connect with our support team here: https://t.co/vlvfJr4nN9 and we'll fix this for you. ^HS",Language.ENGLISH,173,
205762,205753,205750,@AmazonHelp Does this mean if it's not ordered on prime I don't receive it.,@164749 I understand your concern. Please share your details in the link provided to you earlier and we'll help you with this. ^SQ,Language.ENGLISH,75,
1525064,1525064,1525063,"@115830 lovely wrapping, but it contains PJ Masks and Paw Patrol stuff for a 4 year old girl. Maybe you could develop wrapping options? https://t.co/so5gzDNpsU",@473709 We're always looking for ways to improve! You can forward any feedback or suggestions here: https://t.co/uFF0txv0tM ^AG,Language.ENGLISH,159,
500674,500674,500673,purchased 4 HP cartridges from a seller on @115830 some of them unto 6 years out of date. Heres hoping that Amazon sort this out. #disgraceful #seller,@234601 I'm so sorry to hear this! Have you had a chance to reach out to the seller directly about this: https://t.co/mdpTg80ZJ6 ? Please keep us posted! We want to help! ^SD,Language.ENGLISH,150,
2291463,2291467,2291468,@AmazonHelp I have cancelled my Amazon membership on 20th oct 17 but till yet I have not received my refund I have attached the cancelled confirmation by Amazon https://t.co/C0cKMVypV4,@665521 I'm afraid we haven't received the details yet. Kindly share the asked details via the above link and we'll help you out. ^SG,Language.ENGLISH,184,
309195,309195,309193,@115821 Prime shipping is so bad. It's never on time.,@189836 This definitely isn't what we like to hear! Have you noticed this happening more with a specific carrier: https://t.co/Y5jpI9gRhE ^ML,Language.ENGLISH,53,
389931,389930,389932,@AmazonHelp What about the warranty? Would it be mentioned in that?,@208318 The warranty will start from the day you place the order(mentioned in the invoice) and you can claim with the manufacturer.^SG,Language.ENGLISH,67,
2595834,2595833,2595835,"@AmazonHelp I received two unknown charges nearly $80 from https://t.co/Fpa6Rk023t, live support was unable to help me and refered me to __email__ to resolve my issue. I have now sent three messages with no response. You are the first person to talk to me since my first issue.","@735011 Hi, sorry to hear about the unknown charges. Please reach out to us here: https://t.co/JzP7hlA23B so we can look into this for you. ^ES",Language.ENGLISH,277,
359212,359212,359210,@115850 I can't find this contest on my phone application nor website @amazonhelp https://t.co/C03LFvuTYX,"@201074 Hi, you can find the details for the contest here: https://t.co/wWj6x2HONY kindly take a look. ^MS",Language.ENGLISH,105,
868714,868714,868712,"So @115830 messed up my Fire Emblem Warriors pre-order and I still don't have it, fuming doesn't even cover it",@326272 I'm sorry the order hasn't arrived yet! Have we missed the delivery date shown here: https://t.co/aaDyEz1VgE? ^LR,Language.ENGLISH,110,
388390,388388,388387,"@AmazonHelp Sold by amazon. 
203-3885238-3123516
204-7614377-0557104
Order date  10 july",@207910 Have you had the chance to reach out to us with regard to this issue? You can do so here: https://t.co/oGDklGgbCZ ^GM,Language.ENGLISH,88,
1310231,1310238,1310239,@AmazonHelp Waiting for your update.,@426184 Could you please check and confirm if you've received any correspondence from our side here: https://t.co/NTkrxpsbHJ ? ^AB,Language.ENGLISH,36,
301520,301520,301519,"@AmazonHelp Hi, I wanted to sign up for a 7 days free trial, for Prime Video, but i got charged 3 euro, even though it said it was free",@187926 I'm sorry to hear about the charge! Please reach out to us here: https://t.co/JzP7hlA23B for more assistance with this. ^TK,Language.ENGLISH,135,
2630126,2630125,2630123,@AmazonHelp It would be nice to have some assurance that my order might come,"@742741 Sorry for the wait, Will! Most couriers make deliveries until 21:00. Please let us know if you haven't received your order by then! ^JY",Language.ENGLISH,76,
1669436,1669438,1669439,"@AmazonHelp Already done, I am frankly fed up with the support you give.All replies are    ""template"" replies @115850 @AmazonHelp @115851",@200297 I get your disappointment. Kindly revert to the correspondence which you have received from us and we will assist you further. ^SM,Language.ENGLISH,137,
2779212,2779214,2779215,"@AmazonHelp Nope, nothing.  The website just loops to the same screen.  Tried multiple devices.  Told me he can't help, must email someone.  Had no idea when I would get a response.  I bet if I was a business account this would get a better resolution.  Been trying since Saturday.","@776295 I'm so sorry for the frustration with your account, Sabrina! Let's take a look into this further. Please reach out to us here: https://t.co/jzvkhdlrK5 ^HM",Language.ENGLISH,281,
1347601,1347597,1347598,@AmazonHelp I have responded on this link as well. Sent emails and made customer care calls. https://t.co/dQ0sNLvYwA,@434260 I just checked and we haven't received your details yet. Request you to share your details using the link (1/2) ^GK,Language.ENGLISH,116,
586843,588672,588671,"@AmazonHelp Thanks, I will drop a mail immediately.",@258580 You're welcome. Our team would surely look into this for you. Do keep us posted for any further concerns. ^BV,Language.ENGLISH,51,
331968,331967,331970,@AmazonHelp (1/2)kindly provide contact no./address of your delivery person. Or else I have to cancel the order by today evening.(cont..),"@195051 As this is a social media platform, we can't view your order details. Hence, please send your details from the link (1/2)^HR",Language.ENGLISH,137,
1103609,1103608,1103610,@AmazonHelp a rep from @115821 contacted me and said it got lost in transit. why would it say #delivered? #Amazon,"@306985 Sometimes, packages may be scanned as delivered while still in transit. Was the rep you spoke with able to resolve the issue? ^JS",Language.ENGLISH,113,
2930078,2930078,2930077,"@115850 @18220 @112367  Amazon app - __email__ , 9891135806, product not upto mark.Need refund. https://t.co/lKONAsROkE","@207973 Apologies for the issues with a refund, that wasn't intended. Please share your details here: https://t.co/GIJyeYqKE0 and we will help you. Also, Please don’t provide order details as we consider them to be personal info. Our Twitter page is visible to public. ^BS",Language.ENGLISH,119,
2490638,2490638,2490637,"@115850 @115821 MRP 99/-, selling at 109/-. Making fool of us https://t.co/Cvpd8vmH4H","@711146 Pricing and offers are decision of the sellers. The constantly changing marketplace and our efforts to offer you the lowest price, may result in fluctuations in our prices over time. ^GD",Language.ENGLISH,85,
1118057,1136209,1136211,@AmazonHelp Plz resolve my issue..  I have no problem wid u..,"@387674 Sorry about the delivery delay. We'd like to investigate this, please share your details here: https://t.co/cQVomR1pWz. ^HA",Language.ENGLISH,61,
970881,974929,974930,@AmazonHelp I have also raised the issue on your customer care but your hypocrite customer care is not providing me the complaint id,"@350703 I'm sorry about this. As mentioned earlier, we'll be sure to forward this internally for review. ^VN",Language.ENGLISH,132,
2883322,2883322,2883321,Arrrrgghhh... nightmare when an urgent @115830 product gets delivered in the wrong colour 😭😭😭😭😭😭😭,@129309 Have you contacted us to see how we can help? ^BD,Language.ENGLISH,97,
352905,352904,352906,@AmazonHelp which link? please share link!,@199910 Please share your details here: https://t.co/beaaDm0muc and we'll contact you soon.​ ^JS,Language.ENGLISH,42,
2313983,2313983,2313982,@AmazonHelp HELP,@669888 We're happy to help! What can we do for you today? ^ DG,Language.ENGLISH,16,
774629,774629,774628,when amazon prime takes $105 out of your bank account because you forgot to cancel your trial ☺️😍,"@305064 I'm sorry for the unexpected charge! You can cancel and view your Prime membership status, here: https://t.co/EZE5Gs4NKD ^AG",Language.ENGLISH,97,
1677134,1677132,1677131,@AmazonHelp Amazon the website.,@510151 Hmm. Let's take a closer look into this with you here: https://t.co/w77ic7l4V2 ^JZ,Language.ENGLISH,31,
467517,467487,467486,@AmazonHelp Are you people even bothered to resolve the issues ???? Wtf is going on,"@226277 Could you confirm if you've received an email correspondence from our Social Media team? If yes, kindly reply to the same for further assistance. ^AU",Language.ENGLISH,83,
2033016,2033016,2033014,Finally setup my @115850 Echo. Must say I’m impressed.,@195267 That's exactly what we'd like to hear!! Hope you have fun with the device. ^PS,Language.ENGLISH,54,
109918,109911,109910,"@AmazonHelp I had taken a paid day off today to receive the delivery which never arrived and now you need me to take another day off, and have the cheek to charge me for the delays you've caused. To say I'm frustrated is an understatement!",@140399 Thank you for clarifying. You can check the status and find more information about your refund here: https://t.co/qLyYhAej2E I am so sorry for the trouble. Please keep us updated on the arrival!! ^SC,Language.ENGLISH,239,
2480949,2480949,2480948,Hey @amazonhelp How come I can't sell a graphics card as an individual (not on a business storefront) in your marketplace?,"@708898 If you'd like to learn more about selling as an individual, see here: https://t.co/2RbI2eXiL1. Scroll down for selling options. ^GM",Language.ENGLISH,122,
701314,701316,701317,@AmazonHelp Do I have to wait 12-24 hours for a reply to my email?,"@287419 For the fastest resolution, please reach out to us by phone using the link provided above. ^KP",Language.ENGLISH,66,
851642,857862,898770,"@115850 @115821 @AmazonHelp @118702 Again same reply,no resolution.Y don't u put same reply on twitter &amp; let people know u have CHEATED",@322303 Sorry for the inconvenience. We certainly did not intend this to happen. Please reply to our correspondence for further help. ^ST,Language.ENGLISH,139,
2766981,2766979,2766977,@171133 @115821 @115850 #Honor7X will be available in the first week of December in India.. Isn't it??😀,"@773762 I get your excitement, you may register here: https://t.co/sa4LLPfVKj for more updates. ^SU",Language.ENGLISH,103,
569159,569153,569151,@AmazonHelp Already did,"@253561 When you spoke with us, was there any insight provided? Also what options, if any, were given? ^HS",Language.ENGLISH,23,
900382,900380,900381,@115821 There was no error the exchange offer was displayed on the product but when i wanted to avail it the exchange tab was not appearing,@333740 Apologies for the bad experience with the offer. I'd like to take a closer look at this. ^AK (1/2),Language.ENGLISH,139,
1598979,1598979,1598980,@AmazonHelp Is there a way to tell your german colleagues to not use @122924 anymore? They are not able to find my address...,@491062 Were our colleagues able to help you? ^SK,Language.ENGLISH,125,
2626656,2626656,2626654,Disappointed in @115821 terrible customer service. Sadly they used to be reliable.,"@741909 Terribly sorry for any trouble. Without providing account info, will you let us know a little more about what's going on? ^NN",Language.ENGLISH,82,
1422121,1422121,1422120,@AmazonHelp Amazon Logistics is the worst ever. You guys should really use another carrier for your same day deliveries because this is unacceptable.,@450515 I'm sorry to hear about this! We'd like to have a specialist take a look into this for you. Please provide details here: https://t.co/E0p3GqrXpL ^TR,Language.ENGLISH,149,
2049104,2049104,2049106,@AmazonHelp why my item is so delayed ?? order id 407-8676636-1129917,@605994 All the products should be delivered by the estimated delivery date. 1/3 ^VH,Language.ENGLISH,69,
1706381,1706381,1706380,"@115850 the exchange offers is available but when clicked to buy, no exchange available. please fix the issue.",@517149 The buyback program will depend on the seller. If you do not see the offer in the check out page then your pincode (1/2) ^RI,Language.ENGLISH,110,
778974,778972,778973,@115851 Everyday I had to contact the Amazon.in customer service to make courier service agents to deliver the items at the specified home address.,@227098 That's quite an unpleasant experience you've had with us. Let me have this investigated. (1/2) ^VM,Language.ENGLISH,147,
676974,676974,676973,"@115850 The Order # 404-4956827-4828352, not yet delivered to me but I received text saying it's delivered and the same I am seeing on your site as well. AmzAgent(9284860798) not receiving his phone. Pls help.","@281491 Please don't provide your order details, we consider it to be personal information. Our page is visible to the public.2/2^AR",Language.ENGLISH,209,
237723,237701,237703,@AmazonHelp Another email finally they said they can't help at all this is not a solution,@172597 The resolution provided in the email is the best we could offer Shashank. Please do keep us posted for any other issue. ^HN,Language.ENGLISH,89,
650100,650100,650098,@115850 I am confused. @29867 reduced the prices of nescafe classic in retail stores but ur website is still selling at old rates which are more dan the reduced prices after gst rate cut. so shud I abandon u fr my daily needs n go to offline stores?,"@274553 The M.R.P. displayed for products on our website represents the full retail price listed on the product itself as shared by Manufacturers, Distributors or Sellers. However, I'll be sure to forward your feedback to the concerned team internally. ^AP",Language.ENGLISH,249,
2532786,2532786,2532784,dear @119625 please update the #Shankar's #I movie on #prime Telugu/Tamil 🙏🙏🙏 https://t.co/8B2nWCGFC9,@365810 We keep adding new content. Please stay tuned. . ^SY,Language.ENGLISH,101,
317865,317865,317864,@115850 please look into this order and refund immediately. Order # 402-6294789-9572365,@191857 support team here: https://t.co/vlvfJr4nN9. We will look into it. Please don’t provide your order details as 2/3 ^SB,Language.ENGLISH,87,
348045,348049,352571,@115850 I bought this one. Delivered 4 days ago. Waiting for installation. https://t.co/RXXSvbJu7L,@170298 Apologies. We'd like to help you. Kindly report it to our support team (1/2)^AP,Language.ENGLISH,98,
292789,294230,294232,"@AmazonHelp No,already done this for no of times, proof required?solve my issue ,this is what I need,unless Tomm. May be onSome other new places",@185733 I request you to please click on the link given earlier and fill the form. ^NR 1/2,Language.ENGLISH,144,
643721,643704,643706,@AmazonHelp I have send them twice! Why haven't you received them??? https://t.co/ySLmVsNJoC,"@272834 Thank you for confirming, we are working on it and will get back to you soon. ^SI",Language.ENGLISH,92,
910725,910721,910720,@AmazonHelp Issue unresolved. We r not able to contact you from my registered mobile.,"@336304 Just to confirm, have you dropped in your details using the link provided by ^GK ? We'd like to have a look into it. ^AB",Language.ENGLISH,85,
121133,121132,121134,@AmazonHelp No idea what this is.  It has never happened before it either goes to a neighbour or I get a calling card through the door. Regardless on the front of the house in full  view is not a safe place. So why was it out there?,"@142963 Hey, Jayson! We would love to look at this directly with you. Please reach out to us here: https://t.co/JzP7hlA23B ^LA",Language.ENGLISH,232,
303513,303513,303511,@AmazonHelp Hey I need some advice?,@188454 Hey there! We'd love to help in any way we can. What's up? ^NM,Language.ENGLISH,35,
1031549,1031549,1031548,"@AmazonHelp  @115850 My office was closed due to Diwali holidays and I did not receive any this item.
Bewildered!
Pls revert urgently. https://t.co/MuNZsKO4mV",@364086 and we'll be happy to help. 2/2 ^SH,Language.ENGLISH,158,
1544505,1544505,1544504,"@115850 can you start scam? Without delivery product says deli handy to cust. Yur employ dont have any courier record.Trackid
186111300779",@478408 I'm sorry you haven't received the package even though the tracking has been updated as delivered. This could be due 1/3 ^SH,Language.ENGLISH,138,
1395568,1395568,1395565,Woke up feeling really upset about the service I am getting with @115821 prime. Way to treat your paying customers. Soon you wont have any 😉,@440331 Sorry to hear Leah- Without providing personal info can you explain further what has happened? ^NV,Language.ENGLISH,140,
571713,571707,571705,@254317 @116090 @AmazonHelp I have never had issues until now so it's frustrating. I am revoking my Prime membership if they don't rectify this.,@254316 Who is the carrier for the order? You can check here: https://t.co/PyACxvY8Qo ^MO,Language.ENGLISH,144,
2397038,2397038,2397037,@115830 very disappointed with your amazon prime service! I ordered on Sunday and my item has still not arrived! I thought it was one delivery?!?! Very misleading!,@689910 Delivery dates are given on checkout and in order confirmation. Please check your email on the order for the date or here: https://t.co/aaDyEz1VgE. Prime delivery is delivery once dispatched rather than ordering. ^MC,Language.ENGLISH,163,
2894649,2894648,2894650,@AmazonHelp It definitely was! Thank you all for being so awesome!!,"@802203 No, thank you for being so awesome! Hope you enjoy the food, and hope your grandma is all good 😋. ^JC",Language.ENGLISH,67,
781189,781188,781191,"@AmazonHelp this is Amazon working? You cancel order and not to inform customer. This is disgusting, I put this on your owner account",@274981 Sorry to know the order has been canceled. When an order is canceled we'll email mentioning the 1/2 ^SH,Language.ENGLISH,133,
969120,969111,969116,@AmazonHelp I Share All My Details,@181241 Sorry for the mess. We've not received your details. Kindly share your details using the link provided earlier. ^ST,Language.ENGLISH,34,
778968,778968,778969,"@115850 @115821 where is my order?? Nonresponse fem seller or amazon, r u blufding with customers?? https://t.co/fxpVl8zR1r",@306028 I'm sorry for the delay. Please connect with our support team here: https://t.co/2t6DQoUmNZ for assistance. ^RW,Language.ENGLISH,123,
2103669,2103669,2103666,"@AmazonHelp Please, what is going on with my Xbox one X Scorpio edition?! Goes from Scotland to Essex yesterday, then to Bedfordshire ( I presume over night) and now down to Essex again?! https://t.co/uZwGNOAFYx","@621111 Hi, what's the estimated delivery date on your order? ^JJ",Language.ENGLISH,211,
1405313,1405313,1405311,@AmazonHelp What is the differnece between prime reading and unlimited? Which one is free for prime members without additional services? 1/2,@172901 Kindle Unlimited is an extra subscription that gives you access to a large catalog of Kindle titles: https://t.co/KI1R1WQ6RC ^TH,Language.ENGLISH,140,
2805935,2805935,2805934,"NOT happy with @115821 at all!! Ordered early Friday, paid extra to have by today due to leaving tomorrow. PACKAGE NOT HERE!!!!",@782584 Oh no! What does your tracking currently indicate? Please check here: https://t.co/Jra7nZawgp ^BE,Language.ENGLISH,127,
1290374,1290366,1290363,@AmazonHelp I've explained &amp; explained for a YEAR!  #Amazon took money out of my account!I was just on the phone with @115821 for an HOUR! Call DROPPED!,@421762 It looks like our team is still looking into this for you. We appreciate your patience while we continue to investigate. ^AB,Language.ENGLISH,156,
1119099,1119095,1119094,@AmazonHelp yes i did. i'm still greatly inconvenienced,"@384048 Apologies for the inconvenience, what were you advised when you contacted us? ^JJ",Language.ENGLISH,55,
751718,751718,751717,@AmazonHelp any chance oneplus 3 Karbon Case will be in stock?,"@299665 We don't have insight into future availability, Keshav. Please continue checking our website for updates. ^MA",Language.ENGLISH,62,
778968,778968,778967,"@115850 @115821 where is my order?? Nonresponse fem seller or amazon, r u blufding with customers?? https://t.co/fxpVl8zR1r","@306028 Please don't provide your order details, as we consider it to be personal information. Our Twitter page is public.​^RW",Language.ENGLISH,123,
627811,627811,627810,Is this an acceptable way to deliver a parcel when no-one is home? @115830 https://t.co/oFbRrqQshV,"@268687 This isn't at all the delivery experience we'd expect, truly sorry to see this! Please, reach out via phone/chat to report this directly and to leave courier feedback: https://t.co/JzP7hlA23B ^JE",Language.ENGLISH,98,
2236275,2236274,2236273,@652179 @115821 Amazon are shocking worst customer service experience I have ever had.,@652178 I'm sorry for any aggravation! Would you be able to give me more information on what happened? ^DD,Language.ENGLISH,86,
2578511,2578510,2578512,"@AmazonHelp Sweet, ordered a Fire Stick HD and it’s not working.","@731032 Oh no! We'd love to assist you on this. Could you explain to us what has happened to the Fire Stick, and if any troubleshooting was done? ^GP",Language.ENGLISH,64,
2610756,2610756,2610755,"@115850 I ordered an MI4 Phone and received a different product. 

#406-8163465-8665102

Please refer images. Ensure a return and delivery of correct product in next 48 hours or else expect an FIR, followed by Legal Action. 

Thanks
Mehar Nazeer
9711747938","@132125 Apologies for the mix-up. I request you to go ahead and place a return for the product from here: https://t.co/dgreAZQ5qf.

Please don’t provide your order details as we consider them to be personal information. Our page is visible to the public. ^SC",Language.ENGLISH,256,
2856619,2856619,2856617,"@116090 
I have a $300 order pending but for some reason you
say my credit card “doesn’t” match?? Strange it’s being accepted everywhere else with a very high
CRedit Limit. I spent 3hrs taking advantage of Cyber D
Help by giving me a no. to call or the Bezos phone no.","@386786 We're unable to access your account via Twitter, Patricia. At your convenience, contact us via phone or chat here: https://t.co/Q7Ftz6nj80 We'd be happy to assist with your order in real-time. ^SK",Language.ENGLISH,268,
1710623,1710622,1710620,@116090 I see one humidifier I want &amp; reviews are everything for me but you combine other models w/no field to indicate model they're reviewing.,@218051 Thanks for reaching out to let us know! Would you be able to send us the link to the humidifier so we can look? ^DD,Language.ENGLISH,148,
2283027,2283027,2283026,@115850 prime membership expires Jan 2018. How can I renew the same now ?,@193038 Membership can be renewed only after the existing membership expires. ^NR,Language.ENGLISH,73,
1235541,1235541,1235542,@115850 amazing price difference fr the same product and u r not responsible for the same grt Amazon and Mr.Javed hope next time not see u,"@409797 Apologies for any inconvenience you had to go through. However, the prices on our website are determined by our sellers. 1/2 ^MK",Language.ENGLISH,138,
1007746,1007748,1007749,@AmazonHelp Can I just restate that Netflix is working fine. I've just remembered why I dropped my subscription last time.,@358469 It may be best to complete live troubleshooting with complete access to our tools and resources: https://t.co/JzP7hlA23B ^ST,Language.ENGLISH,122,
2946952,2946951,2946953,@AmazonHelp Can I DM?,"@224915 I have enabled DMs, so please feel free to let us know how we can help. 😊 ^WM https://t.co/1XyLaGkcaN",Language.ENGLISH,21,
163650,163649,163651,@AmazonHelp Yes it's down as over/under back gate,"@153855 Excellent! When you have a moment, please reach out to us via phone or chat here so we can escalate you courier feedback to the correct team: https://t.co/JzP7hlA23B ^ML",Language.ENGLISH,49,
1092464,1092464,1092463,"@115821 @AmazonHelp this is the 2nd time in a row my package has gone missing, not sure who the person is giving the packages to.... https://t.co/TYUHsFHfnz","@377798 Sorry your missing order, Brian! A specialist would like to reach out to you personally: https://t.co/cIdWG4qdi5 ^JZ",Language.ENGLISH,156,
284012,284009,284003,"@AmazonHelp @115821 No card left, no phone call to advise they were here. Reception manned 100% of the time!","@183643 Hi Greg, I'm sorry to hear that. What carrier was used for the delivery? ^JJ",Language.ENGLISH,108,
2406809,2406809,2406808,"@115850 sry 4 my lang but u guys r shit, u guys don’t refund easily &amp; invest it,haha nice strategy.It’s been 1 mnth I didn’t get my money",@692181 We're following up on your concern over DM. Please check. ^YP,Language.ENGLISH,141,
1278705,1278708,1278709,@AmazonHelp Care to explain how an electronically generated number for the sole purpose of replacement of my product should be considered secret/private,@419228 that we can look into the issue get back to you. 3/3 ^SH,Language.ENGLISH,152,
1133445,1133444,1133446,"@AmazonHelp Thanks, this invoice option seems to be only available in desktop mode of browser.
I'll request invoice there","@194477 Thank you for flagging this, Kunal. We'll have this checked internally. Do keep us posted for further concerns. ^HD",Language.ENGLISH,121,
2301626,2301626,2301624,"@AmazonHelp If I would like to make a complaint regarding the delivering of an Amazon Prime package, who should I contact? Thank you for your help.","@667968 I'm sorry for the trouble with your delivery. Depends on the nature of the complaint and who the carrier is, then we'll be able to point you in the right direction. You can find the carrier information here: https://t.co/Y5jpI9gRhE ^AN",Language.ENGLISH,147,
2452515,2452515,2452513,@AmazonHelp fed up with your worst service last 15 days just waiting for delivery. Not proper service from call centre. I don't have words.,@702706 Sorry about the bad experience. Kindly drop in your details here: https://t.co/jgwcgSFfRG and we'll work on it. ^NS,Language.ENGLISH,139,
2283509,2283505,2283504,"@AmazonHelp Yes, they are.","@504930 Thanks for confirming, Leigh! Please contact us by phone so that we can investigate further: https://t.co/JzP7hlA23B. Please keep us posted! ^SD",Language.ENGLISH,26,
2454264,2454264,2454262,@115940 @AmazonHelp @hulu_support y'all need to get your life 2gether. I want to watch Hulu on my firestick!!! #frustrated,@703074 I'm sorry for any trouble! We'd like to assist as much as we can. Are you experiencing issues streaming? Without sharing account details will you tell us what's happening? ^GM,Language.ENGLISH,122,
1171320,1171320,1171322,"@115850 @28320 @1469 
Issues wth camera
No response, request for replacement rejected.
Not acceptable.
Immidiate action req https://t.co/hchN7DgDUC",@395483 Please share your details here: https://t.co/GIJyeYqKE0 and I'll get in touch with you. 2/3 ^HD,Language.ENGLISH,147,
1424202,1424202,1424204,@115821 @AmazonHelp i have been following up in this order. You need to deliver this before 3rd or else i need to proceed legally. https://t.co/4c6DiIAaNa,@450932 it to be personal information. Our Twitter page is visible to the public. 3/3 ^AP,Language.ENGLISH,154,
274248,274247,274249,@AmazonHelp Sold by Amazon EU SarL via Royal Mail who claim it was signed for. But it wasn't delivered to address on the label &amp; I didn't sign for it.,@181525 Thanks for confirming Lara- Have you gotten in touch with us directly regarding this 'delivery'? ^NV,Language.ENGLISH,154,
2487052,2487052,2487051,"Trying to figure out what last night’s $59.99 @115821 charge was for, and if it’s legit. Not finding much info online.",@421179 Glad to hear you worked it out Paul! If you ever need to manage your subscription click here: https://t.co/AckUFN4hyh. ^TI,Language.ENGLISH,118,
1220909,1220909,1220906,@115830 why can I not claim my free babybox as per your offer! I’ve made the purchases!,@406472 Oh no! We'd like to look in to this further w/ you. Reach us here via phone/chat: https://t.co/JzP7hlA23B Keep us posted! ^KN,Language.ENGLISH,87,
295380,295380,295378,Ordered a Disney jigsaw puzzle from @115830 as a present for my mum’s birthday and it comes like this! Good job it wasn’t a surprise 😡😡😡 https://t.co/bdDdjp0FIy,@186350 We never intend to ruin surprises! Did you choose to have this shipped in an Amazon box at checkout? Let us know! ^KJ,Language.ENGLISH,160,
2226743,2226741,2226740,@AmazonHelp They are saying i have sent wrong product if i have gotten wrong product so i will sent the same why u guyz are fooling me and forcing me to go consumer court,@325008 Please reply to our email mentioning the same and we'll have this checked for you. ^NR,Language.ENGLISH,170,
370335,370332,370334,@AmazonHelp As per your offer paid using Amazon pay at Box8 but 25% Cashback not received. Without reading terms following reply recived. https://t.co/JGpOSp2o71,@168020 Apologies for the trouble. We'd like to take a closer look. Please share your details here: https://t.co/GIJyeYqKE0. ^HD,Language.ENGLISH,161,
1891374,1893561,1893563,@AmazonHelp Done...24 hrs gone...now contact us tomorrow,"@564006 If you've filled in your details through the link above, you should have received a correspondence to your registered (1/2)^AU",Language.ENGLISH,56,
964970,965033,965035,@AmazonHelp I have sent the reply. I am expecting a call in next 6 hrs as mentioned in the email. Please have this escalate to the management too.,@326613 Thanks for writing back to us. We'll be contacting you with an update soon. Appreciate your understanding. ^ZH,Language.ENGLISH,146,
711625,711625,711626,"@115850 what is your shipping policy? after 1 unsuccessful delivery attempt does the order gets cancel, without informing customer? 1/3",@289777 Another attempt would be made to deliver the order unless there are unforeseen issues. ^NR 1/2,Language.ENGLISH,135,
2734238,2734238,2734236,@AmazonHelp what’s the point in having prime if it’s been 4 days and my package still isn’t here ?! 😤,"@766351 I am sorry your package has not arrived! What is the date we gave for delivery in the purchase confirmation email? You can find the information here  https://t.co/Y5jpI9gRhE
^DJ",Language.ENGLISH,101,
1466816,1466816,1466815,"@AmazonHelp Hi there. One of my packages was lost. I looked around my door, checked my leasing office, etc and no package. Can you help?",@230394 I'm sorry for the delay. Just click the link and follow the prompts and we'll get you taken care of.  https://t.co/hApLpMlfHN ^EM,Language.ENGLISH,136,
2432778,2432763,2432761,"@123967 @AmazonHelp see what I'm dealing with, none of you have been of help, moving  back and forth with copy &amp; paste responses unable to help me. WHERE IS MY PACKAGE?? I WANT THE PRODUCTS I ALREADY PAID FOR. 😡😡😡😡😡😡😡😡😡😡😡😡😡😡😡😡😡😡😡😡😡😡😡😡😡😡😡😡😡😡😡😡😡😡😡😡😡😡😡","@504452 I'm sorry to hear you still haven't received your order! When you have a chance, please reach out to us here so we can look into available options: https://t.co/hApLpMlfHN ^BH",Language.ENGLISH,253,
2317692,2317692,2317690,@115850 i dont know if a game is being played with me placed an order 3 days back and it was entering and leaving the same hub again and again here is the tracking from amzon transportation services 69710753265,"@671939 Apologies. Have we missed the estimated date? You can check it here: https://t.co/pYHdlcj0Ot, keep us posted. ^HR",Language.ENGLISH,210,
520635,520632,520630,@AmazonHelp Thank you! I will call within the hour.,@240183 We're always happy to help! Please keep us posted and let us know if there's anything else we can do to help! ^BN,Language.ENGLISH,51,
597907,597907,597906,I’m tired of paying for amazon prime and my orders get delayed.,@261755 I'm sorry to hear you're experiencing delays! Are you currently waiting on an outstanding package? ^JS,Language.ENGLISH,63,
1845979,1845979,1845977,"@AmazonHelp hello, signed up for the Amazon CC and was promised a £10 voucher, no sign of it, can you help?",@552944 Hello Marc! The Amazon Platinum MasterCard is approved by NewDay. They can be contacted here: https://t.co/Dkay9PJRrg ^TM https://t.co/YAmBOYLYTd,Language.ENGLISH,107,
1349089,1349088,1349090,@AmazonHelp They fucking didnt replied since 3 days. Can you check wtf is going on and how it can be recovered?,"@126273 Apologies for this ordeal with your account, Chirag. If you've replied, our team will reach out to you soon. ^HD",Language.ENGLISH,111,
1141913,1141913,1141912,"@AmazonHelp We, @49213 Visakhapatnam, organizing a conference on analytics . Will u b interested in promoting your brand?plz reach out via DM",@388793 We'd like to check this. Please fill this form: https://t.co/cllwXc2HeK and we will contact you soon. ^BV,Language.ENGLISH,141,
1772277,1772275,1772278,"@AmazonHelp So I pay yall, talk on the phone and I'm even further inconvenienced trying to figure out how I can get what I need. A problem and I'm prime. PUT IT ON MY STEP 🤦🏾🤦🏾","@532682 I'm so sorry for the inconvenience! Just to confirm, which carrier was used? You can check here: https://t.co/Y5jpI9gRhE ^BH",Language.ENGLISH,176,
1689619,1689618,1689620,@AmazonHelp When will « amazon business » be available for amazon.fr ?,@512989 Good question but Unfortunately we have no information for the moment.^ASZ,Language.ENGLISH,70,
425153,425153,425152,@AmazonHelp Worst Customer Service Experience Ever! The support agent lied to me.,"@216154 Oh no! I'm sorry to hear we've let you down like this! Without providing personal account information, can you tell us more about what's going on? ^ML",Language.ENGLISH,81,
284311,284311,284309,@115821 your new delivery drivers need more training before going out - 3x this week they had loads of trouble! https://t.co/fd74Cae9rb,"@183719 Have you had trouble with a recent delivery, Niki? W/o providing personal or acct specific info, could you tell us more? ^LB",Language.ENGLISH,135,
2802408,2802408,2802407,@AmazonHelp Order# 111-3918239-4569060 looks hung up and hasn't shipped yet; delivery tomorrow?  Thank you!,"@781740 Some orders are dispatched and arrive on the same day, depending on different factors. Have we missed the date provided for delivery in the order confirmation email? That information can be found here: https://t.co/hEdCVtQdD3 ^QJ",Language.ENGLISH,107,
2571929,2571927,2571926,@AmazonHelp Thank u,@729319 No problem! Let us know if you have any other questions or concerns! ^AJ,Language.ENGLISH,19,
930125,930115,930113,"@AmazonHelp Your agent told me earlier today that I'd receive my delivery tomorrow, just got an email from Amazon saying if it doesn't arrive by Friday (24th) to let you know.. Have got more chance of winning the lottery than getting an Amazon delivery on time these days ! #BROKENPROMISES","@340676 Thank you for clarifying for us. I can definitely understand how frustrating this is. Please keep us updated on the delivery of your order, and let us know if it doesn't arrive by the 24th. ^DW",Language.ENGLISH,289,
69868,2888198,2888199,"@AmazonHelp You guys are so pathetic
I’ve just asked to deliver it one day before it’s estimated delivery time and you guys returned my product back
I needed it today and now you can’t even deliver on your estimated delivery date that is tomorrow","@800864 That's not cool; we're sorry for the inconvenience. While we won't be able to reinstate the canceled order; we request you to place a new one with the available fastest shipping and we'll ensure the delivery.Also,we'll be sure to share this internally for improvement.^VN https://t.co/1XyLaGkcaN",Language.ENGLISH,246,
42490,42490,42489,@115830 Keep getting an error message when sending to different delivery addresses in one order? Prime member?,"@125388 I'm sorry for the trouble, Dan! Can you tell us the exact error message you are receiving? We want to help! ^SD",Language.ENGLISH,110,
2128905,2128913,2128916,@AmazonHelp Wrong status of Unsuccessful delivery status is being Supported by @AmazonHelp received an e-mail response from @115850....  At least be responsible and admit the blunders you make....  Be Answerable......... and don't hide the truth....,@626706 I get you being upset. Request you to reply to the email correspondence you've received from us with 1/2 ^HS,Language.ENGLISH,249,
2309520,2309520,2309517,@AmazonHelp once again customer service lied and I don't have my package.  I'm done with prime....,@669856 I'm sorry your package hasn't yet arrived! Did we miss the delivery date stated in your order confirmation? You can find that information here: https://t.co/Dj5L1l2Gow ^SE,Language.ENGLISH,98,
2909208,2909208,2909207,"@119625 Amazon Pay Cashback offer for Vodafone subscriber not yet credited even after 40 days of Prime Video Subscription after having fulfilled all T&amp;Cs. Called CC a week back but no response yet. Reg. M. 8586851305.
Contact on 8566962162","@805442 Sorry to know the cashback isn't credited. Kindly fill in your details here: https://t.co/GIJyeYqKE0, and I'll look into it. Please don't provide your order details, we consider it personal info. Our Twitter page is visible to public. ^NR",Language.ENGLISH,243,
2615116,2615120,2615121,@AmazonHelp The order was delivered on 24th June 2017. Do you understand? I really need your help!,@739219 Allow our support team to look into this. You can connect with us here: https://t.co/R3EfhzgU8B ^CB.,Language.ENGLISH,98,
442888,442884,442885,@AmazonHelp Thank you so much for refund. I wish it would have been little early... Amazon rocks but please Ban such products and sellers from selling on Amazon which may spoil buying experience and Amazon's business...,"@219975 Thanks a bunch for keeping us posted. Further, I'll ensure to share your comments internally to work on and improvise. ^CB",Language.ENGLISH,219,
1752444,1752443,1752445,@AmazonHelp It is supposed to be delivered today. But my tracking says it is delayed,"@527937 I'm sorry for the delay, has the delivery date/order status been updated since last reviewing? ^WM",Language.ENGLISH,84,
55049,55049,55047,".@115821 wants 6.99 for one day shipping but are unreliable, second time this has happened. Where's my order?",@127283 I'm sorry that we've let you down. What's the tracking information state here: https://t.co/Y5jpI9gRhE? ^TR,Language.ENGLISH,109,
2923569,2923569,2923568,Hey @115850 what are you doing with my package? Playing football? Its just arriving &amp; arriving since 27th Nov in same city! https://t.co/HsgWPc6rtk,"@809031 Please don't provide your order details, we consider it personal information. Our Twitter page is visible to public. (2/2) ^SV",Language.ENGLISH,151,
961468,961468,961476,"@115850 @AmazonHelp Struggling for return my package from 25.09.17, but the same not picked yet. Number of times talked had with CC but ..",@348159 That's strange. Let us help you out. Please drop your details here: (1/2) ^VM,Language.ENGLISH,138,
726580,726585,726586,@AmazonHelp @115851 24 hours crossed when i got one of your email giving assurance. People need numbers &amp; results these days not assurances.,@294044 Sorry about the delay. Our team is currently working on your issue. Your patience is appreciated. ^RB,Language.ENGLISH,144,
306910,306910,306908,"Don't buy @15192 from @116090, you'll likely get a counterfeit product. Instead head over to https://t.co/GIqqDFBSAB",@189280 Are you having trouble with a current order from us: https://t.co/PyACxvY8Qo? We'd like to help if possible. ^EP,Language.ENGLISH,116,
1456389,1456382,1456381,@AmazonHelp Please ask them to call me on 9650563038,@458031 You can arrange a call from our support team using the link given in the earlier tweet. ^NR,Language.ENGLISH,52,
1200816,1200813,1200817,"@AmazonHelp Is that the service you give to your so called ""PRIME"" members?",@402150 I’m sorry about the issue with delivery. Have you reported this to our support team here: https://t.co/2t6DQoUmNZ ? ^HR,Language.ENGLISH,75,
181061,181065,181066,@AmazonHelp Amazon customer care just called me bt they didn't proceed my return request yet. They just askd me to confirm my order. Kindly resolve ASAP,"@158526 Suraj, you must've received an email from us. You can check your inbox here: https://t.co/DTSNmGldJf revert for updates. ^MS",Language.ENGLISH,152,
1408129,1408129,1408127,@115821 Amzn Logistics took 'delivery exception' for one day (tracking showed block away) then tossed in my landlords bushes the next day,@447294 I'm so sorry for the poor experience! Please reach out to us here: https://t.co/hApLpMlfHN so we can get this escalated. ^ZW,Language.ENGLISH,137,
1091278,1091274,1091272,@AmazonHelp Also called today and was told it should be here by 5pm today. But nothing. Now being told tomorrow.,@377477 Do you see an updated status with your tracking information? ^DD,Language.ENGLISH,112,
1605122,1605121,1605123,@AmazonHelp 迅速な対応に感動しました\( ˆoˆ )/✨,@492397 素敵な一年になりますように・・・！\( ˆoˆ )/✨ 　MH,Language.ENGLISH,34,
1031533,1031533,1031534,"@115821 I’m going to cancel my Prime account. I was told a gift card would arrive to my acct within 1 hr, 5 hrs ago. Your CSRs suck!",@364085 I am so sorry that you received the incorrect information! Gift cards can take up to 24 hours to become available. ^BE,Language.ENGLISH,132,
1826068,1826068,1826066,@AmazonHelp The message shows that the product has been delivered but haven't got it yet. Tried to reach the customer care but not helpful. https://t.co/Uq8gBsHfJV,@548118 Please drop your details here: https://t.co/Xk9jXHQNot so that we can get in touch with you. (2/2) ^VM,Language.ENGLISH,163,
1197144,1197144,1197142,Hey @AmazonHelp i've ordered Mario Odyssey in April but it still says delivery date pending should cancel and order again ? I'm confused the game comes out in 3 days lmao,"@401285 Hello, Vince! Fear not! There's no need to cancel. We will notify with any updates via email, so keep your eye out. ^RM",Language.ENGLISH,170,
1064121,1064121,1064120,Hi @119625 please release latest telugu movie #YuddhamSharanam .,@244849 We will continue to add new content. I'll be sure to pass on your comments to the concerned team. ^PR,Language.ENGLISH,64,
859605,859603,859606,"@AmazonHelp It is redirecting to few useless options.Are you giving me real updates? How delivery ws attempted? I provided 2 numbers,didn't get any call",@324100 here: https://t.co/GIJyeYqKE0 so that we can get in touch with you. (2/2)^SQ,Language.ENGLISH,152,
533228,533228,533227,#AmazonIndia i have ordered 1 item which i found out faulty. Order no 4__credit_card__. I have raised a complaint for replacement from past 1 week but since then it is pending. Can u guys help me with early reslolution of the same,"@243534 Apologies for the pending replacement. Kindly fill in your details here: https://t.co/GIJyeYqKE0 and we'll get this checked for you. Also, please don’t provide your order details as we consider them to be personal info. Our Twitter page is visible to public. ^PB",Language.ENGLISH,230,
685625,685625,685624,Hey @116090 what’s up with the tplink bundle price that doesn’t match at checkout? https://t.co/GIsCx1x8jt,"@283667 Oh my! I'm sorry for the troubles! We're here to help any way we can. Just to clarify, have you tried closing out of the app and starting from the beginning? ^AL",Language.ENGLISH,106,
2720001,2719997,2719995,@AmazonHelp Yes! Every time I watch something later on cancelled! Watched 17 things last night and so far 10 have been cancelled!,"@140382 I am very sorry to hear this. Can I ask, have you received an email update as to why these orders were canceled please? ^GA",Language.ENGLISH,129,
1000154,1000154,1000153,@AmazonHelp Is your company bound to destroy people's diwali celebration? You can't deliver a package ever after 5 days of expected delivery,"@356788 Truly sorry about the hassle, Akshay. Have you tried reporting this to our support team here: https://t.co/vlvfJr4nN9? ^NK",Language.ENGLISH,140,
521636,521635,521637,"@AmazonHelp The USPS left the package in our mailbox! It was small that it fit in the mailbox. We lived in a neighborhood where I have to go 3 blocks from my house, to a building where we collect the mail in a very secured building!","@240434 I'm happy to hear you received your order, Jeric! Please let us know if there's anything else at all we can assist with! ^SD",Language.ENGLISH,232,
