conversation_id,customer_tweet_id,brand_tweet_id,customer_text,brand_text,detected_language,customer_length,intent
240130,240132,240133,@AmazonHelp I have updated all the details on the link mentioned above. Hope to hear soon.,"@173036 Thanks for the update, appreciate your patience while we get back to you. ^MJ",Language.ENGLISH,90,
2135726,2135726,2135725,".@AmazonHelp omg- one of my orders is late &amp; now I can't contact the seller, what do I do?!","@318853 Hello Molly. I'm sorry to hear about the trouble with your order! We'd like to help the best we can. When you contact the seller, are you receiving an error message? If so, what does it say? ^HC",Language.ENGLISH,95,
428597,428597,428594,@115850 ordered LED light with 2 roll of 50 meter each as written in description but received only one roll of 50 meter yellow https://t.co/Ar7f0dLhjp,@216941 here: https://t.co/3yqvLnyTxi selecting the appropriate reason and we'll have this reviewed internally. (2/2)^YP,Language.ENGLISH,150,
1494242,1494241,1494243,"@AmazonHelp Handed to resident , but it wasn't I was in all day",@443242 Have you tried these tips?: https://t.co/3zrkYRrpPt Please keep us posted. ^PK,Language.ENGLISH,63,
2585557,2585561,2585562,@AmazonHelp At checkout the delivery day is for the following Monday when ordering from Thursday night onwards,@732651 Hi Alex! Have you checked to make sure the items you're ordering are Prime eligible? More info can be found here: https://t.co/xA0xMlyQq9. ^CN,Language.ENGLISH,110,
2383235,2383235,2383233,My book from Amazon hasnt shipped yet but its spoused to be here tommorow so i better get it tommorow @115821 lool 😹😹,"@687013 Hi, if the order was delayed we would have made you aware via email. It is not uncommon for items to be dispatched relatively close to the delivery date. We hope you enjoy your book 🤗 🤓^CR",Language.ENGLISH,117,
1655083,1655081,1655084,@AmazonHelp I already did and contacted Customer service a number of times but no resolution,@378594 We have your details and we're working on your concern. We'll get back to you at the earliest.  ^HA,Language.ENGLISH,92,
834785,834785,834784,Dear @115850 give instant cashback discount most of storezz giving instantly discount on credit debit card except @AmazonHelp,@318776 our services and working towards a good customer experience.  (2/2) ^VM,Language.ENGLISH,125,
2260820,2260818,2260817,@AmazonHelp To say the least. 2 days late and still no package in sight. Good thing I pay for #AmazonPrime.,"@575605 We'd like to try to help with this, Scott! Please reach out to us here: https://t.co/hApLpMlfHN ^CN",Language.ENGLISH,107,
232669,232667,232665,@AmazonHelp And I’ve lost the saved copies of my published KDP books. Is there any way to get them resaved on my laptop from KDP?,"@171385 Hello, please reach out to us directly with the link provided: https://t.co/8bYfuYEOAi ^CR",Language.ENGLISH,129,
1073271,1073271,1073275,"@119625 @115850 
Why have incomplete season 6 of suits.? When the world is watching season 7, you guys have 6 that too incomplete..",@245673 Unfortunately these episodes/ this episode is no longer available. We’re constantly adding new content to our library. 1/2 ^HD,Language.ENGLISH,131,
485352,485352,485350,@115830 not happy with my delivery being left outside!,"@230470 Apologies for the trouble caused, Claire. Were you at home during the time of delivery? You can find info on adding delivery preferences here: https://t.co/s64yrJpwOt.^CN",Language.ENGLISH,54,
2946832,2946832,2946831,@115821 for almost the last 2 weeks nearly ALL of my packages have been getting delayed what’s the point of being a prime member,@813923 I'm sorry to hear that. Can I ask if you've been in touch with us about the delays so we can help find a resolution?^TI,Language.ENGLISH,128,
1127958,1127955,1127956,"@AmazonHelp I have submitted this, have not heard back yet...",@385927 If you've shared your details. You might've received a correspondence to your registered email id. Please check . ^ZH,Language.ENGLISH,61,
2598535,2598533,2598532,@AmazonHelp just found the return page and I've ordered another pair.  Thanks!  *fingers crossed*,@735684 We're always happy to help where we can! Keep us posted when the new boots arrive! We want to make sure your order is correct! ^BN,Language.ENGLISH,97,
1192309,1192308,1192307,"@115830 I got a message saying ""Delivery attempted..."" yet they didn't get out of their van. Just pulled up, then drove off.",@121883 Sorry to hear about this. Please reach out to us here: https://t.co/JzP7hlA23B and we can look into this. ^PK,Language.ENGLISH,124,
2166050,2166050,2166049,@115850 Happy Diwali to you and your team 💐,"@635731 Wish you and your family a very #happydiwali too, bro! ^AB",Language.ENGLISH,43,
592078,592078,592077,I love online shopping. Got most of my Christmas shopping done :D Shoutout to @115821,@260118 Convenient isn't it? Glad you like it! :-) ^BD,Language.ENGLISH,85,
1137844,1137844,1137842,@115821 does not want me to have a stainless nib in fine for my @49858 Safari Graphite #fountainpen is seems. #sadness #crushed,"@212355 This certainly isn't what we like to hear, Ron! Are you having trouble with a recent order? ^HC",Language.ENGLISH,127,
162141,162140,162142,@AmazonHelp Ok I ordered again when it will be shipped???,@153430 We dispatch to meet the estimated delivery date. Kindly wait until then and I'm positive your order will be dispatched soon and delivered to you by estimated date. ^SH,Language.ENGLISH,57,
2154906,2154906,2154905,@AmazonHelp Please help . https://t.co/kMogu8n3dr,@633107 I get your concern. Kindly contact our support team here: https://t.co/vlvfJr4nN9 and we'll be glad to assist you. ^MP,Language.ENGLISH,49,
2376193,2376193,2376192,I don't think it's going to get here in 37 minutes @115821 https://t.co/110NWt3u7D,@439819 It's not uncommon for a package to be shipped the same day as the delivery date. Please keep us in the loop if it doesn't arrive by 9pm local time. ^SE,Language.ENGLISH,82,
880009,880009,880008,@115821 Amazon.. Ive had #FireEmblemWarriors on preorder since Jan &amp; it comes out 2day &amp; still not shipped So much 4 Release Date Delivery..,"@328922 Sorry to hear this, Demetrio! We're here to help. Orders can be shipped and delivered in the same day- keep us posted! ^BL",Language.ENGLISH,148,
150578,150578,150577,"@AmazonHelp https://t.co/LrnxHfSLvq long does the return process usually take after receiving items back? I sent back 3, but only received refund for 1 so far.",@150344 Good morning! It may take up to 2 weeks for us to receive and process your return. ^LI,Language.ENGLISH,159,
1488825,1488818,1488816,"@AmazonHelp 
Yes , I received it from couple of days , but still new and wrapped too ✨",@465802 Got it! You can start the return process by visiting us here: https://t.co/yIZoIuRY5p ^TK,Language.ENGLISH,86,
1577279,1577279,1577277,@/amazon where is my @129184 book,@485841 I'm sorry your item hasn't arrived! Have we missed the intended delivery date stated in your order confirmation e-mail? ^AC,Language.ENGLISH,33,
2804276,2804276,2804274,@AmazonHelp I've been locked out of my account due to something with my card and I want to make sure my order was cancelled so I won't be charge for the PSN Card I tried to buy,"@782188 I'm sorry for the account trouble! If the order went through, you would have received an e-mail with the redemption code. Otherwise, no orders will be processed while your account is locked. Have you received any e-mails from our Account Specialist? ^BH",Language.ENGLISH,176,
832925,832925,832923,So @115830 mess up another release day. Ordered @35357 new #colours months ago and Amazon email today it's not available. Useless.,@318367 Apologies. Were you provided with a revised delivery date? ^TP,Language.ENGLISH,130,
2891868,2891865,2891863,@AmazonHelp That link doesn't work. I'm logged in. I clicked it. It went to https://t.co/XMU9A1Z7ag,@238819 Oops! Sorry about that. Let's try this link instead: https://t.co/Q7Ftz6nj80. Let us know if this works out for you! ^KJ,Language.ENGLISH,99,
235173,235173,235172,Hey @115830 please pay my seller funds which has been held for over 115 days! __email__ https://t.co/b1mW0WYik7,@172005 Please don't share acct details via Twitter. We're here to help! Reach our Seller Support here: https://t.co/zYVX1Qi29G ^JE,Language.ENGLISH,111,
2927745,2927745,2927743,@115821 @118706 I was literally sitting in my living room. What problem did you experience...? https://t.co/ctUNaH68rp,"@809995 That's definitely not what we want to happen! I'm sorry for the delay. Typically, late packages arrive the next business day. If it's not received tomorrow, please give us a call or chat to look into options: https://t.co/hApLpMlfHN ^KB",Language.ENGLISH,118,
206690,206690,206688,"@AmazonHelp the beta runs for 2 days, and now I’ve already lost one as I have work in a few hours #BattlefrontII it’s advertised on ur site",@162481 Oh no! Please contact us here: https://t.co/hApLpMlfHN at a convenient time. ^NM,Language.ENGLISH,139,
179945,230673,230672,@AmazonHelp U can't do anything as @149473 don't gives a ** to Amazon. You are shameless so still working with bluedart. Pickup again resheduled,@158358 Could you please follow this link: https://t.co/ubUJhr0mfD and share your details ? We'll escalate this. ^HT,Language.ENGLISH,144,
1765185,1765185,1765183,Thanks for delivering my item @115830. Came home after God knows how long to find it hanging out the front door. Lucky for both of us no-one stole it ey?! https://t.co/y2rnPj6nUq,@530948 I'm sorry for the problems with your delivery! Was the item damaged at all? ^JF,Language.ENGLISH,178,
984725,984724,984727,@AmazonHelp Sorry I'm not going to do that. It's frustrating 😡. U better cancel my order. U can't even deliver a medicine on time. @123288 @306774,"@353423 I'm sorry for the trouble. However, we'll not be able to check your information over Twitter. Kindly contact our (1/2) ^GK",Language.ENGLISH,146,
237138,237138,237137,"Renewing Prime on @115850. 
Hoping this year brings in more benefits.","@172479 You are Optimus Prime. While you're at it, there is gonna be another tsunami of sale starting from 4th Oct. Any plans?",Language.ENGLISH,69,
367447,367446,367448,@AmazonHelp Not sure.  I will have to look it up but 9 days is a bit steep.  I can drive to the facility  in less  time I’m sure.,"@203040 Because we cannot have access accounts over Twitter, we can't check the order. Could you reach out here? https://t.co/hApLpMlfHN ^MJ",Language.ENGLISH,129,
2275854,2275852,2275851,"@AmazonHelp it’s just the prime video homepage not working, when i searched for a programme it worked fine, odd!",@661934 Hi Becca. That is a bit strange. What type of device are you using to access Prime video? ^DC,Language.ENGLISH,112,
1093244,1093244,1093243,@115850 help me wrong product collected for return,@378007 Kindly connect with our support team here: https://t.co/TtZwWsmXla and we'll be happy to help. ^SH,Language.ENGLISH,50,
1201299,1201301,1201302,"@AmazonHelp Original Date - 14th
Expected - 18th
Says it is on it's way",@402253 I'm sorry your order is still in transit! We can definitely look into this for you. Contact us here:https://t.co/JzP7hlA23B ^BN,Language.ENGLISH,71,
718375,718375,718374,"@115850 @118919 why don't you have this banner on top to explore new and interesting finds? Used it in US and It really works! If you're keen, my startup can help you curate. Get it touch :) https://t.co/jVoJjcj9W9",@291996 Thank you for sharing your idea. Kindly reach out to our support team here:https://t.co/vlvfJr4nN9 and we'll have a look into it. ^EM,Language.ENGLISH,214,
777183,777182,777184,"@AmazonHelp It says the same thing, ""We are cancelling your order"". There's no timeline there unfortunately... Hence the question",@293369 an update from them. 2/2 ^SH,Language.ENGLISH,129,
2548068,2548105,2548107,"@AmazonHelp 1-day shipping fee was credited back, but I was told I could keep the arrival date of 10/30. TODAY item is BACKORDERED, no ship date avail.","@724096 1/2 Shipping speeds refer to an item's transit time, in business days, once shipped. In some cases unexpected delays may occur.",Language.ENGLISH,151,
2371416,2371416,2371417,Um Amazon...if you are going to deliver...you need to have your customers be able to contact the delivery person directly! I want my stuff tonight!!! I should be able to contact them back directly! @115821,"@379854 My apologies, we do appreciate the suggestion. What is the current status of your delivery as displayed in the tracking information under order details here:  https://t.co/Y5jpI9gRhE ^CH",Language.ENGLISH,205,
1578331,1578325,1578326,"@AmazonHelp Done.
I am waiting",@486089 Thank you for keeping us posted. We will get back with an update. ^HR,Language.ENGLISH,30,
1638824,1638824,1638823,@115850 On clicking super saver deals this opens(see Image ) @AmazonHelp @115821 https://t.co/D7LiJ3n6oI,@501121 Do keep us posted if there are any further concerns. ^SM (2/2),Language.ENGLISH,104,
2899718,2899718,2899717,@AmazonHelp i have a digital service charge but i dont know why,@803308 Oh no! We'd like to look into this for you. Please reach out to us via phone here: https://t.co/yFfk0XzLZt ^BE,Language.ENGLISH,63,
1068709,1068708,1068710,@AmazonHelp .com I received the email from __email__ and I logged in https://t.co/IJiD4GkwLJ (but Im in Brazil),"@372201 Mauricio, can you send to us the link of the book ""The War of Art"" to check it? ^DA",Language.ENGLISH,111,
257816,257816,257815,@AmazonHelp just received an email saying missed delivery....I’m at home and the doorbell hasn’t gone 🤔,"@177332 We're here to help, Jack! What does your tracking currently display? Check here: https://t.co/aaDyEz1VgE Let us know! ^JE",Language.ENGLISH,103,
2866093,2866093,2866092,"I wish @115821 didn't use @118706 they can't ever get **** right here. Now you can't even track a package. ""This service is currently unavailable.""",@710988 I'm sorry we've let you down.​ Please keep us updated on your package delivery. We're here to help! ^LL,Language.ENGLISH,147,
2539579,2539576,2539574,"@AmazonHelp thank you for your reply, i just got online address change problem, but now it solved that for response @AmazonHelp","@722212 You're welcome. Please do keep us posted for any further assistance, we will help you. ^BS",Language.ENGLISH,127,
226418,226410,226409,"@AmazonHelp Ok, but again...could u please be more specific, instead of simply pointing to the guidelines page? Thanks in anticipation :) https://t.co/gA2USpxYNi",@170045 Please reach out to us here: https://t.co/2t6DQoUmNZ so that we can look into it. ^SP,Language.ENGLISH,161,
584633,584633,584630,@115821 6 orders shipped 11/26 by AMZL US. Pkg lost. Reorder/resend. 1 item lost by AMZL US AGAIN. Sent to wrong state. Seriously?,"@257959 Hello Kat, I am sorry to hear that your item was lost did you receive an email from us advising what happened? ^HS",Language.ENGLISH,130,
2576995,2576995,2576993,"Ffs, forgot to cancel Amazon Prime which i signed up for the free month!! I’m now £7.99 down, i don’t need this shit 😭",@730690 So sorry for the unexpected charge! You can contact us here for further information on how to correct that: https://t.co/JzP7hlA23B ^LS,Language.ENGLISH,118,
536539,536539,536538,@AmazonHelp why is my “Prime” delivery item not going to be delivered today...and you won’t let me cancel this order either 😡,@244319 Hi Paul! We aim to meet the delivery date provided in your order confirmation e-mail. What date does this reflect? ^AB,Language.ENGLISH,125,
900387,900387,900386,Whoever @115821 contracts with in my area to do Prime Amazon Logistics deliveries is horrible. So frustrating that they're always late. https://t.co/Hlq0CyTGkl,@333742 I'm sorry you haven't received your order! Please relay details to us so we can look into this: https://t.co/fafKjFzaR1 ^MV,Language.ENGLISH,159,
782315,782319,782320,@AmazonHelp When you have such information please let me know.,@306742 Please stay tuned to our website and you will be able to find the deals once the sale is on. ^AH,Language.ENGLISH,62,
2424501,2424500,2424502,"@AmazonHelp It’s not mine,  it’s the numerous customers on my route via your contract delivery. They pay no attention to detail. It’s almost every house they deliver to. They block the front door almost every time.","@696248 Thank you so much for bringing this to our attention, Jerry! ^WB",Language.ENGLISH,214,
888245,888244,888246,@AmazonHelp 😂 it was an hour late and missing the most important (££) item. Driver support were very nice and now we're waiting to hear whether we're actually getting it tonight or not.,"@330905 I'm very sorry to hear about this poor delivery experience, Jennifer! That's not the experience we want you to have. Please keep us updated, and let us know if the item doesn't arrive by tonight. ^TH",Language.ENGLISH,185,
69631,69631,69630,"@AmazonHelp  Order# 407-8809404-0041923 why prime order taking 7 days after dispatch? It was mentioned next day delivery, now it's showing next Wednesday. Immediately rectify it. I want it today.","@131780 I understand your concern regarding the delivery of your package. Have you reported this to our support here: https://t.co/vlvfJr4nN9? 

Please don’t provide your order details as we consider them to be personal info. Our page is visible to public. ^AH",Language.ENGLISH,195,
2151028,2151027,2151029,"@AmazonHelp I've already contacted CS &amp; my only response was, ""sorry you're passed the return time."" 20% of the product's reviews complain of it being fake and they go back a couple of years so clearly Amazon is knowingly selling fake products.",@632162 Was this item shipped and sold by Amazon or a third-party seller?  ^DD,Language.ENGLISH,248,
1320471,1320471,1320475,@115850 https://t.co/2sRneb9EUu is projecting themselves as amazon and trying to cheat people. Have sent an email to indian cybercrime.,"@428319 Thank you for bringing this to our notice, Mukund. Could you please provide the link to the (1/2)^SF",Language.ENGLISH,135,
1143445,1143444,1143446,@AmazonHelp if i canceld the parcel used on prime doi get me refund?,@388598 We don't have access to your account but you can read about the Prime refund types here: https://t.co/gaNLqmSGMJ ^TG,Language.ENGLISH,68,
1493334,1493334,1493333,@115850  wonder if the cash load to Amznpay workin anywhere. even your customer care executives arent aware of it. Tried in blr nd failed,@240961 Sorry for the hassle. Please share your details here: https://t.co/GIJyeYqKE0 &amp; we'll get in touch with you. ^BS,Language.ENGLISH,137,
2378951,2378951,2378948,@115850 why I am sharing details I have provide our order number &amp; my registered contact number on fraud Amazon 9599953098.,"@683076 I get your concern. However, since Twitter is a social media platform, we'd not be able to check/access your account. Hence, kindly drop in your details through the link provided earlier &amp; we'll reach out to you soon. Appreciate your understanding. ^EM",Language.ENGLISH,127,
2664091,2664085,2664083,@AmazonHelp Sheared the details yesterday. Still no response. What to say ???,@723291 If you've filled in your details you should have received an email correspondence from our team. Kindly check the same. ^MM,Language.ENGLISH,77,
2322216,2322212,2322210,"@AmazonHelp I made an order on 8/11/17 and paid extra to have it delivered 3 days later only to find out it wasn't coming, and customer service gave me a refund which I didn't ask for. I just want my parcel :(",@672911 I can understand that. What was the reason they provided you for the parcel not arriving ? Is the item still available from us ? ^CR,Language.ENGLISH,209,
471558,471558,471557,@115850  @AmazonHelp  at which time the results of #OnePlus5TAppQuiz  will be announced.please 🙏🙏 mention the time,@227285 There is a delay in announcing the results. Please stay tuned our social platform for an update. ^RW,Language.ENGLISH,114,
2398220,2398222,2398223,@AmazonHelp Yes it does. Should I do that?,"@690194 Was it sold and fulfilled by FarSail? If so, you can contact them. More info on contacting seller's can be found here: https://t.co/ELsNzbFGF6 Keep us updated! ^CN",Language.ENGLISH,42,
1668352,1668352,1668354,"Dear @115850, where exactly is my order? I select Amazon on Wheels Sec 62 Noida, but they seem to be lying. Never heard from them. https://t.co/0fqcbw0x0D","@508080 Apologies, that's unusual. Please connect our support team here: https://t.co/vlvfJr4nN9 &amp; we'll help you. (1/2)^BS",Language.ENGLISH,154,
231795,231872,231873,@AmazonHelp Hi please chase no one is contacting me.. and again i faced the same issue with my recent order...,@171207 Sorry about that. Kindly revert to the email sent by our time with your preferred time for callback and we'll contact you. ^MP,Language.ENGLISH,110,
1006589,1006588,1006590,@AmazonHelp When and where,@301369 You might have received an email from Social Media Specialist. Please check and reply to the same for updates. ^HA,Language.ENGLISH,26,
2962749,2962749,2962748,When your £70 @115830 parcel was left outside instead of being ‘handed to resident’ for anyone to steal. Absolutely raging 😡,@817534 I'm sorry to hear about this experience! Please give us a ring here: https://t.co/JzP7hlA23B so we can look into this with you! ^TR,Language.ENGLISH,124,
1438628,1438628,1438626,Ordered #Sennheiser  CX-180 on 12th October from @115850  Hasn't even been 20 days and it has stopped working properly. Very disappointing,@453869 Sorry to know that you're facing an issue with your headphone. Kindly contact the manufacturer for further assistance. ^SY,Language.ENGLISH,138,
1109492,1109490,1109491,@AmazonHelp Finally I tried sending an email and its been 30 min and no confirmation that it was sent. I'm really frustrated here.,@381831 Typically we recommend reaching out via phone for the quickest response. E-mail responses can take up to 24 hours. ^CH,Language.ENGLISH,130,
637053,637047,637045,@AmazonHelp Checked my spam folder. Didn't find any email. Also do I get a copy of the message that I send to the seller? I'm not able to find it,"@271071 For details on how to contact the seller, please see here: https://t.co/Bty1lHUjeK If the seller hasn't replied back within 2 business days, please file an A-to-z Guarantee Claim against the seller here: https://t.co/r5jKPhxPqq ^CO",Language.ENGLISH,145,
425051,425050,425052,@AmazonHelp Amazon called the carrier USPS and they don’t have it. So my package is lost in transit. Great,"@216146 I'm very sorry for that inconvenience. When you spoke with us, did we offer any alternatives or provide additional insight? ^SK",Language.ENGLISH,106,
1251711,1251711,1251712,@115850 return pick was rescheduled 4 weeks ago ny amazon-then never picked !! no way to talk-helpless wait for eternity till they wake up,"@413620 Apologies for the trouble with your return, we certainly did not expect this to happen. 1/2 ^PS",Language.ENGLISH,138,
476089,476088,476090,@AmazonHelp Last updated yesterday at 11:50pm as ‘unable to deliver due to external factors’ - no redelivery details given.,"@228171 Thank you for confirming! Typically, carriers will reattempt delivery the following business day. Otherwise, please contact us by phone or chat and we'll be happy to help investigate further: https://t.co/JzP7hlA23B. Please keep us posted! ^SD",Language.ENGLISH,123,
2762062,2762062,2762060,@115821 What is going on with Pearl Jam latest vinyl releases Riot Act &amp; Binaural?. Ordered in September. Still not shipped.,"@772737 Hey Mark, what were the original estimated delivery dates that you were provided for your vinyls when you ordered them? Which one of our sites are you ordering from? Is it https://t.co/nUUp5MLhYl, https://t.co/ykTUEmdsQA, or one of our others? ^PJ",Language.ENGLISH,128,
326386,326386,326384,"@115830 hi there I pre ordered the wwe 2k18 cena nuff edition for PS4, it comes out on the 13th, is that when you take the money for it ?",@193755 Thanks for reaching out! We process the charge for items once they're being packed and prepared for shipment. ^GR,Language.ENGLISH,137,
2663419,2663419,2663418,"@AmazonHelp looking to order Fuji instax mini 9, can you help?",@750570 We'll certainly try to. May I know what kind of help are you seeking from our side? ^AB,Language.ENGLISH,62,
461304,461301,461302,@AmazonHelp Can you provide me with that link again?,@209029 Of course! We can be reached via phone or chat here: https://t.co/hApLpMlfHN ^ML,Language.ENGLISH,52,
197688,197686,197685,@AmazonHelp Thank you!,@162495 You're welcome! Please let us know if you need anything else! ^TR,Language.ENGLISH,22,
1598862,1598862,1598859,"Had a guaranteed delivery by 8pm, sat in an empty apt waiting on a mattress, no show, now sitting in a hotel, @115821 sends me this https://t.co/wFZLEAdsxg",@491035 Apologies Kathy - This is not the service we expect. What does the latest tracking advise : https://t.co/ar4eTVX8Vx ? ^TP,Language.ENGLISH,155,
2899705,2899704,2899702,@111210 @115830 Honest. I shit you not. 3 packages in 2 days. Top service,"@803306 Hey, Leigh! Thanks for reaching out to us. We're so happy to hear how pleased you are with us and thank you for being a part of our family! ^VR",Language.ENGLISH,73,
1114339,1114339,1114338,"@AmazonHelp hi, need help regarding exchange offers. Kindly contact ASAP.",@382996 You can reach out to our support team here: https://t.co/R3EfhzgU8B for help with exchange offers. ^PS,Language.ENGLISH,73,
974818,974909,974910,@AmazonHelp So the driver has logged it saying he handed the parcel to me! Unbelievable.,@351179 Please use this link to provide some details and we'll investigate this for you: https://t.co/tkLCr7DNil ^RL,Language.ENGLISH,88,
98812,98798,98797,"@AmazonHelp I want immediat action. 12 hours too long for me now.Its almost 2 months,I waited a lot, but can't wait now.
#fraud Amazon","@137623 I understand waiting can be tiresome. However, please be assured that we're working on your concern and will reach out to you soon. Appreciate your patience. ^MO",Language.ENGLISH,134,
1311329,1311308,1311310,@AmazonHelp Resolved but now 280 less :( https://t.co/PaA9OIzrF4,@426423 Sorry about that. Exchange offers are determined by our Buyback partners and the prices may fluctuate from time to time. ^MO,Language.ENGLISH,64,
423504,423504,423503,@115830 Hi. Have you stopped next day delivery for Prime customers??? I can’t remember the last time I got it! Getting annoyed with you!,@215819 Have we missed a delivery date provided at checkout? ^TR,Language.ENGLISH,136,
1447202,1447202,1447201,"Bought something off Amazon, paid £3.99 for delivery and 2 days later it's still not even been dispatched, shite that","@123278 I'm sorry for the disappointment, Dan! You can find more info on dispatch and delivery dates here: https://t.co/d6IDO5YadX ^SD",Language.ENGLISH,117,
321969,321968,321970,"@AmazonHelp Bought it on Amazon India portal on 1st September, 2017.",@192711 I'd like to take a closer look into this. Please fill in this form: https://t.co/GIJyeYqKE0 and I'll revert shortly. ^SQ,Language.ENGLISH,68,
1353672,1353670,1353674,@AmazonHelp Because i am not going to pay for mistake done by @115850,"@278558 I understand your concern, but as requested earlier for replying to the email sent by us. ^SM (1/2)",Language.ENGLISH,69,
122726,122711,122709,@AmazonHelp Let's hope,"@143382 Appreciate your understanding, Jay. We'll ensure to close your concern at the earliest. ^MK",Language.ENGLISH,22,
966314,966304,966306,@AmazonHelp You are the carrier actually. And I finally figured out how to contact you all &amp; am on the phone w/a rep. TY for responding at least,@347597 We'd also like to take a look into this. Please send your details here when you have the chance: https://t.co/DlF7WIHMm5 ^GG,Language.ENGLISH,148,
11024,11032,11034,@AmazonHelp Yes,"@118079 I'm sorry we let you down on this order. If the order arrives too late, you can return them for a full refund. ^TN (1/2)",Language.ENGLISH,15,
1487692,1487691,1487690,@61363 @115830 @61363 @115830 no reply from either of you. Am I that unimportant?,@465533 I'm sorry for the delayed response! Please get in touch with us here: https://t.co/JzP7hlA23B for available options. ^EZ,Language.ENGLISH,81,
1208753,1209114,1209115,@AmazonHelp You joker's simply wasting time and money mc bc @115851 big joker is @115850 and master joker @AmazonHelp,@158494 We'll reach out to you soon.  2/2 ^KH,Language.ENGLISH,117,
2924510,2924510,2924509,"@AmazonHelp It is a little disappointing being a prime member and having my order still not delivered, it is now 3 days late.","@809241 I'm sorry for the disappointing experience. That isn't what we want for you, or any of our customers. Have we provided an updated delivery date for the order? You can check that information here: https://t.co/Y5jpI9gRhE ^EA",Language.ENGLISH,125,
281324,734070,734073,@AmazonHelp Very poor service from Amazon. Still awaiting for my refund.. More than 60days now...,@183033 I'm sorry it is longer than expected. We're working on it and will get back to you soon. ^VH,Language.ENGLISH,97,
382223,382223,382222,"@115850 
Order No. 404-6840725-2914730
Please refund for the product as I have requested for reverse pickup.
No help from ur side",@206629 Please don’t provide your order details as we consider them to be personal info. Our page is visible to public. 2/2 ^RB,Language.ENGLISH,129,
1751823,1751824,1751825,@AmazonHelp Replacement order is 113-6928185-8161833,"@527804 Since we do not have account access to assist w/ your request, please contact us here: https://t.co/hApLpMlfHN ^MW",Language.ENGLISH,52,
1204980,1204980,1204979,"@115850, I am getting fraud calls they are saying that we get name &amp;. number from shopping website as I have done purchasing from ur app",@403030 That's unusual. Kindly reach our support team here: https://t.co/vlvfJr4nN9. We'll have it checked. ^GS,Language.ENGLISH,140,
1010789,1010789,1010788,Apparently I'm getting a refund on a dress I did not actually return to @115821? What.,@248415 How odd! Did you receive an e-mail regarding this return/refund? ^MJ,Language.ENGLISH,86,
937337,937336,937338,@AmazonHelp I tried but not possible also I tried this number tel:9910598101  provided by ur cpny ask this guy whole day he make me fool,"@342209 ,Chat and email. You can click on phone and you'll receive a call from our support team. 2/2 ^NK",Language.ENGLISH,136,
2384347,2384347,2384348,@AmazonHelp @115850 please update me on order no 408-1813109-2025931. It's urgent for me.,"@687256 Please don't provide your order details, as we consider it to be personal information. Our Twitter page is public.(2/2)^AU",Language.ENGLISH,89,
2147987,2147987,2147988,@115821 what happen 2 two day free delivery? I ordered and now it says Monday delivery. What the heck? #AmazonPrime #delivery,@194173 I'm sorry for the wait! Two-Day Shipping refers to transit speed in business days once an item's shipped. (1/2),Language.ENGLISH,125,
1359045,1359045,1359042,@AmazonHelp order with prime shipping was shipped but was updated to now just being delayed. Since it was USPS am I just out of luck?,"@436853 When the package was marked as delayed, were you sent an e-mail for the reason of the delay? ^LS",Language.ENGLISH,133,
1310347,1310341,1310342,@AmazonHelp Lets see how soon that is,"@294193 We value your time, we'll get back to you at the earliest. Appreciate your patience. ^HA",Language.ENGLISH,37,
558503,558503,558502,Thanks @115821 for delivering our Christmas presents like a coin toss flipping in the air 12 feet away onto a concrete porch in front of us and shrugging it off like nothing and walking away! #primeshipping,"@250483 I'm sorry for the poor delivery experience. When you have a moment, please provide us with the details of your order here: https://t.co/fIEKuC8K53 ^RA",Language.ENGLISH,206,
1665293,1665293,1665283,"@115850 What is the need and usefulness of Amazon Prime ?. My order no: 216261100315, Till now it's not reached me. Is it fast delivery ??","@507420 Please don't provide your details, as we consider it to be personal information. Our Twitter page is visible to the public. ^AM",Language.ENGLISH,138,
377044,377044,377042,@AmazonHelp Multiple Prime shipments have missed their “guaranteed” delivery date this week. What gives?,@205460 I'm sorry for the trouble! Can you confirm if there seems to be a common carrier: https://t.co/Y5jpI9gRhE? ^ST,Language.ENGLISH,104,
2295501,2295499,2295498,@AmazonHelp Your use of Amazon Logistics has been a disaster.,@513974 Please provide your details here: https://t.co/yAtgbUNtZz and a member from my team will escalate the order to Amazon Logistics. Thanks in advance! ^EZ,Language.ENGLISH,61,
859574,859574,859573,@115821 @AmazonHelp i ordered a ashtray with light...light is not working.. pls come and collect,"@324092 I'm so sorry to hear that, Nitish! Can you please verify which site the ashtray was ordered under? Such as .com/.co.uk/.in. ^TH",Language.ENGLISH,96,
596823,596823,596821,What happened two prime members getting two days shipping @115821.ca,"@261475 Hi there! Amazon Prime two-day shipping refers to days in transit to you, not processing days. Have we missed a current orders delivery date? ^AP",Language.ENGLISH,68,
206829,206824,206821,"@AmazonHelp I've talked to 6 different associates from chat, email and phone all have given me the run around for a refund for an order that I returned",@164977 I'd like to have a specialist take a look at this for you. Please provide details here: https://t.co/de3HFAoQI4 ^TR,Language.ENGLISH,151,
912741,912741,912742,@115850 team is not as efficient as @115821 team.I am following up with India team for last 3weeks but I have not received my cashback yet,"@169979 I understand your concern about the promotional offer, Chetan. We've escalated your concern with internal teams.(1/n) ^SV",Language.ENGLISH,138,
478589,478589,478588,"@115830
Cheers Amazon, I do so enjoy the element of risk with my deliveries. https://t.co/XTCPt03Jrl",@228702 I'm sorry to hear of this Anthony. Do you have safe place preferences saved on your account for deliveries? ^KI,Language.ENGLISH,100,
890911,890901,890903,@AmazonHelp I am trying since 3 days.Your management is aware as per update i got.Fade up now.Will make 100 to boycott amazonn those 100 to more 100s.,"@327639 Sorry for the hassle, Saurabh. Please fill this form: https://t.co/beaaDm0muc and I’ll contact you at the earliest ^NK",Language.ENGLISH,150,
609523,609523,609522,The Bea5t has arrived. Thanks @115850 to deliver right on time within 24hrs of ordering. Looking forward to experience @132995. Never felt so enthu in a while back for any gadget.,@264893 That's awesome! Did you unleash the Bea5T yet? 😉 ^VN,Language.ENGLISH,179,
942136,942136,942135,"@AmazonHelp hi, I ordered a item yesterday &amp; it's supposed to arrive today,it has not arrived.Is there any way you can track my item thank u",@343341 I'm sorry for this wait. We can't view order info via Twitter. Please check tracking info here: https://t.co/Y5jpI9gRhE ^DO,Language.ENGLISH,144,
764752,764750,764753,@AmazonHelp Vou! =D,"@302781 Nossa, que legal! Você já conhece a cidade ou é a sua primeira vez em NYC? ^CR",Language.ENGLISH,19,
2490591,2490589,2490588,"@AmazonHelp Yeah, I was told 48 hours on Saturday. Assumed it wouldn't be done on the weekend, so waited but I haven't heard back yet.","@555094 Hey there! Try to check your email today to see if there is a response. Also, be sure to check your junk/spam boxes, just in case. Keep us updated! ^GP",Language.ENGLISH,134,
351798,351798,351799,"@115850 @118919 Received a Ceiling fan in Delivery from Amazon today against a Doll House Order.

#AmazingAmazon What's happening?","@199674 That's unusual, we are sorry for the unpleasant experience. Have you reported this to our support team 1/2 ^MJ",Language.ENGLISH,130,
472404,472404,472403,"@115850 , I spoke to a customer care and she promised that if I send her the pic of the issue she will be able to help me raise a refund.","@227501 I get your concern. However, I'd like to inform you that the product which you've purchased is not eligible for return if the item is ""No longer needed"". You may refer the policy here: https://t.co/vVBKDeL8jx and we appreciate your understanding. ^NK",Language.ENGLISH,137,
1408077,1408081,1408082,"@AmazonHelp It's just not upset, it's super upset. And why should I waste my time to contact you. I have already made a mistake. Don't want to repeat.","@447289 I get your concern, Ishu. Apologies. As requested, please share your details from the link provided. We'll assist. ^SV",Language.ENGLISH,150,
2901075,2901075,2901073,"@115830 I'm fairly certain that this is not the ""safe"" place I asked for my parcels to be left.. also not massively impressed my child's Echo was left in the elements #itbetterbloodyworkonXmasday #devoidofcommonsense https://t.co/gQRplnDjyL","@803602 I'm sorry your parcel was delivered like this! Did anything inside the box get wet? We'd like to ensure the carrier receives your feedback. When you have a moment, please call or chat with here: https://t.co/PpxhJcNeIl ^MB",Language.ENGLISH,240,
728788,728787,728792,"@AmazonHelp RW: Unable to open the link you sent. Please contact me @ 9850717857
Please SMS. my phone is on silent. We can fix a time and talk. Thanls",@294575 Please don’t provide your phone number as we consider it to be personal information. Our Twitter page is visible to public. ^JC,Language.ENGLISH,150,
1484008,1484008,1484006,did i told you guys i signed up for amazon prime free trial and forgot to unsubscribe and now they charged me 100 DOLARS ON MY CREDIT CARD https://t.co/2hHNNyJEUv,@464611 Oh no! We can definitely help! You can cancel the Prime membership directly here: https://t.co/tM1cRrrDWZ ^EB,Language.ENGLISH,162,
2886440,2886438,2886437,"@AmazonHelp Probably the music on demand, no more searching for a song",@800528 Brilliant! Glad you're loving the features. 😊 ^JC,Language.ENGLISH,70,
1235539,1235538,1235537,@115830 Shocking customer service from @115830 Trying now to pass the buck to @2247 when the problem clearly lies with them!!,@409796 I'm sorry your TV arrived this way! Was the item sold by Amazon or a third-party seller: https://t.co/aaDyEz1VgE? ^VS,Language.ENGLISH,125,
1085173,1085173,1085169,@115821 #Amazon Seller Customer Service is the WORST I have ever experienced. So frustrated 😩,"@375972 I'm so sorry to hear about the poor experience, Wanda! Without posting personal/acct info, could you tell us more? ^SD",Language.ENGLISH,93,
2930620,2930619,2930618,"@AmazonHelp i have amazon Firestick and my family logs on to amazon prime videos on my account, thus allowing them to see my personal photos... i was pretty terrified when i found out:))","@810669 Sorry to hear about your photos. What Amazon site is your account associated with? For example https://t.co/nUUp5MLhYl, https://t.co/ykTUEmdsQA, https://t.co/st4oU5QbhP etc.^PK",Language.ENGLISH,186,
1565937,1565931,1565930,"@AmazonHelp Not yet, as I fail to understand why I didn't receive the last set. I've received inadequate explanations and no items. No further forward.",@483385 My team can see what options are available &amp; what happened with the first order. Provide the order # https://t.co/yO9WbuKXeL ^MG,Language.ENGLISH,151,
380400,380402,380403,"@AmazonHelp It's not happening on iOS app.
1. Play movie.
2. Scrub to the middle, watch a min.
3. Completely close app and reopen.
4. Its not in home.",@180621 Could you please uninstall and reinstall the app? Please do keep us posted. ^HN,Language.ENGLISH,150,
2187357,2187357,2187356,@115821  @AmazonHelp #RT432247465IN I know that Amazon is not a fraud company pls refund as early as possible . No more discussions pls,@640547 I understand that you are having a refund issue. Have you reported this to our support here: https://t.co/vlvfJr4nN9? ^AH,Language.ENGLISH,135,
1227030,1227029,1227031,@AmazonHelp Yes. Your 1st ETA was 10/12. You missed it. And your 2nd ETA of 10/15 is being missed as well.,"@296010 Has the order already shipped? If so, who is the carrier? You can check here: https://t.co/Y5jpI9gRhE ^BH",Language.ENGLISH,106,
2812775,2812773,2812772,"@AmazonHelp All right, thank you! U guys are awesome! I hope I finally pay for my order! ❤","@240431 You're awesome too, Lucas! Please let us know if you have any further questions or concerns. We're always here to help. 😊 ^HC",Language.ENGLISH,90,
1473986,1473986,1473985,"What's the point of paying extra on @115821 for one-day delivery if it doesn't come on the day it's supposed to. Been waiting around the apartment for it, now it says it might not come till maybe Thursday. Just garbage. Not the first time it's happened too.",@462173 I'm sorry there was a delay! Please let us know if you haven't received your package by the new delivery date given. ^KJ,Language.ENGLISH,257,
343872,343872,343871,"Worst service from@amazonIN, 18days not yet shipped and finally customer service told to cancel and reorder, no policy to register complaint https://t.co/HkHLpto0QJ",@197813 That's strange! I'd like to help you. Please fill this form: https://t.co/beaaDm0muc and I'll contact you soon. ^BV,Language.ENGLISH,164,
1671307,1671307,1671305,@AmazonHelp I have these exact tires on my vehicle but you guys say they don’t fit? Am I missing something? https://t.co/WlyKtDw5ZV,@231798 Hi Trey. The information we display would be the information provided to us by the manufacturer. ^DC,Language.ENGLISH,131,
2113059,2113059,2113057,"Hey @115821, I ordered some cables for “same day delivery”. It’s been two days and no cable and no delivery. What’s up?","@623098 Very sorry for the poor experience. When in touch, what was advised? What delivery date were you originally provided? ^TP",Language.ENGLISH,119,
64002,69684,69686,@AmazonHelp @115850 Plz update on the status of my money. I was called today by courier boy and promised an upload of money. PLZ FOLLOW UP. #AmazonFraud #AmazonFails #AmazonPayQuiz #AmazonPay @115851,"@130696 We are working on your concern and will resolve it at the earliest, if you still have an insight to add reply to the correspondence you have received. ^MD",Language.ENGLISH,199,
2482107,2482105,2482106,"@AmazonHelp @115821 I actually really like Alexa, but trying to get the right music, especially popular and we'll known music is ridiculously hard.",@709180 1/2 I'm sorry to hear this. Are you referring to The Blues Brothers: Original Soundtrack Recording? ...,Language.ENGLISH,147,
2513460,2513458,2513459,@AmazonHelp How come it's always the Amazon transportation service if it's assigned to different carriers?,@117638 Please connect with our support team here: https://t.co/2t6DQoUmNZ for better understanding on it. ^RW,Language.ENGLISH,106,
191725,191723,191722,@AmazonHelp No.  Not at any neighbour's well - not that that was what we requested - that we can see.  And given no number left...,@161054 I'm sorry you didn't receive your order! Please reach out here: https://t.co/JzP7hlA23B so we can take a look into this. ^AH,Language.ENGLISH,130,
2909176,2909176,2909175,"@115830 £34.98 has randomly been taken from my bank account, for something I have definitely not paid for?","@805435 I'm so sorry for this unexpected charge, Emma. Do you have any subscriptions that are up for renewal? You can check more info here: https://t.co/QDy1uEzDBm ^HS",Language.ENGLISH,106,
1303303,1303303,1303302,"@116618  strems on @127972 worldover, but not in India... really terrible. Can you guys explain WHY, Indian viewers not imp fr you?","@424559 I get your concern, Abhishek. We don't have any announcement about Prime Video for other living room devices, but stay tuned. ^SV",Language.ENGLISH,131,
1823260,1823259,1823261,@AmazonHelp could we dm?,@192731 Sure thing. Feel free to DM us using the link below:  ^GG https://t.co/1XyLaGkcaN,Language.ENGLISH,24,
1389146,1389519,1389521,@AmazonHelp See it’s something https://t.co/T1B8vL1p3R me back!,@443164 We can't gain access to your account over Twitter. Please fill in your details (1/2) ^AS,Language.ENGLISH,63,
679889,679889,679890,"That's how mindlessly these delivery people work. To send an amazon order from Delhi to right next door in Ghaziabad, they've first sent it hundreds of km away to Sonipat in Haryana. #amazon @115850 #Wasteofresources #wasteoftime #lackofsystem https://t.co/psTjIxdlzi",@282217 I get your concern regarding the delivery. All the orders will follow an assigned path by the courier and we will ensure the orders will reach you by the estimated date. Please keep us posted for any discrepancies in the delivery we will help you. (1/2)^BS,Language.ENGLISH,267,
2832876,2832873,2832871,"@AmazonHelp I'm going in circles! this just brings me back to the 'return' option, and only lets me get a refund, not a replacement!","@788664 Were you able to contact us using the link ^JZ provided, Jules? If so what insight or options were provided? Please keep us posted! ^SD",Language.ENGLISH,132,
2801403,2801403,2801402,Hey @115821 — your delivery subcontractor OnTrac does a horrible job. They’re delivering packages that aren’t mine and my packages are being mis-delivered to other people. Yesterday they drove up and tossed package on driveway. Unacceptable.,"@781501 Hello, Derek. I'm sorry for the issues that you've been having with your recent deliveries. That's not the type of service that we aim to provide. Please reach out to us using the link provided and we'll be glad to further investigate: https://t.co/hApLpM3Ejd  ^FJ",Language.ENGLISH,241,
2930047,2930043,2930045,@AmazonHelp I don't care..... Previously I had call u.... But u did nlthing,"@226055 Due to lack of access to your details, I'm afraid we shall not be able to assist you here. Please contact our customer service team and we'll be glad to help you. ^SI",Language.ENGLISH,75,
1033079,1033079,1033078,@115850 @4088 I want a call back on my no 8051148697. Your CC call is not connecting. I have to place order. Please help,"@364424 Please clear all the cache, cookies &amp; browsing history. This should work. You may also connect us via chat or email. ^BS",Language.ENGLISH,120,
780795,780797,780798,@AmazonHelp I have the one that didn't show yesterday coming today along with 2 or 3 more. A pre order due for delivery tomorrow too.,@306416 And the delayed out shows its out for delivery today? Is the pre-order showing a delivery date for tomorrow?^CD,Language.ENGLISH,133,
1530951,1530951,1530949,"Unimpressed with @115821. They sent my order from Fontana (30 minutes from me), to TN...I guess just because I can't afford Prime?",@474955 I'm sorry for the trouble with your order Joanna. Who is the carrier on the order located here: https://t.co/Y5jpI9gRhE ^TG,Language.ENGLISH,130,
1657352,1657351,1657353,@AmazonHelp Already submitted. Unfortunately many cases fixing cannot make things it intended to be. Gift is one of them. People need to be sensitive.,@505683 I get your concern. I'll be sure to forward your feedback internally. We'll definitely work on the miss. ^PS,Language.ENGLISH,150,
458898,458894,458896,"@AmazonHelp I paid extra for one day shipping, can i expect that money back, as two Day was free and It will take 3-4",@223981 I'm so sorry for the delivery experience! We'd like to help if we can. Please reach out to us here so we can look into this further: https://t.co/hApLpMlfHN ^MO,Language.ENGLISH,117,
2866129,2866126,2866124,i'll keep you updated,@796057 I hope your receive your order soon! Let us know if anything happens. ^JP,Language.ENGLISH,21,
887817,887817,887814,@AmazonHelp I need help,"@196490 That's what we're here for! Without giving account information, can you tell us what's going on? ^KJ",Language.ENGLISH,23,
2664075,2664075,2664074,Hey @115850 your gift voucher is not working? I am not able to add amount. What should I do?,@148571 Please reach out to us from the link here:  https://t.co/TxK11znixD to assist you accordingly. (2/2)^HR,Language.ENGLISH,92,
1434113,1434113,1434111,Hey @115821 is this how you teach your drivers to deliver things? Lucky this didn’t get stolen.Right out in open.Ridiculous https://t.co/ANmwj2eiZa,"@452969 I'm sorry, Adam! We'd like feedback about your experience. Reach out here for further assistance: https://t.co/hApLpMlfHN? ^SH",Language.ENGLISH,147,
350623,350623,350622,"@115850  i have made atleast 20 calls to the Amazon customer care to get refund for a poor product and got refund in two

Best Regards https://t.co/EpAfYIqtQj",@199254 I'm sorry but I couldn't follow you statement. Could you please elaborate on the last part? ^HA,Language.ENGLISH,158,
1157226,1157225,1157227,"@AmazonHelp Every time we call cust. service to fix it, they tell us it’s fixed and we should be ok to make the purchase after getting an email to reset",@392228 I'd like for a member of our team to take a look at this for you. Please provide details here: https://t.co/YBsdWghAa8 ^JF,Language.ENGLISH,152,
613974,613980,613982,@AmazonHelp Done,@266005 Thanks for confirming. We'll get back to you at the earliest possible. ^JS,Language.ENGLISH,16,
2909195,2909194,2909196,@AmazonHelp I was using the .com,@805439 Thank you for that information. Please click here:  https://t.co/jzvkhdlrK5 to contact a team member that can assist you further with this matter. ^TL,Language.ENGLISH,32,
521726,521726,521725,"@115821 what's up with a package being delivered on the roof of my car?   First the trash,  now this?   WTF?","@240457 I'm sorry your packages are being delivered in odd places. Can you confirm for me who the carrier is on this package, as well as the previous delivery that was in the bin?  You can check that here: https://t.co/Y5jpI9ys9c  ^EA",Language.ENGLISH,108,
2956923,2956920,2956919,"@AmazonHelp But, if delivery is not done today, as guaranteed for, who reimburses me for the expedited shipping cost paid?",@816231 We're always able to view available options with you via phone or chat here: https://t.co/hApLpMlfHN ^KP,Language.ENGLISH,122,
919829,919828,919830,"@AmazonHelp This is great! I pay for my order, your guy delivers it to someone I don't know, shows I've signed it. Never shopping again. 👋 m","@338344 Sorry, it must be a scan code error. Please drop your details here:  https://t.co/cQVomR1pWz. 1/2 ^KH",Language.ENGLISH,140,
2457834,2457834,2457835,@115850 can someone intervene on tracking ID 216265748278. The product is out for delivery for the straight 3rd day now. Have called your cc 3 times.,@703963 Apologies for the unpleasant experience. I would like to take a closer look into this. Please drop in your details here: - https://t.co/beaaDm0muc. We shall get back to once we have your details. 1/2 ^SC,Language.ENGLISH,149,
867348,867348,867347,@115821 can you tell me why I pay for prime when the last three things I’ve ordered with two days shipping have taken 4+ days to get here?,@325949 I am sorry about that! What was the delivery date for each order? You can view the details here: https://t.co/Y5jpI9gRhE ^SH,Language.ENGLISH,138,
1258540,1258539,1258538,@115830 Just gone through the box and every single can has been dented!!!!!!!!!!!!! Not good enough,"@414892 Hi, I'm sorry to hear that. Please contact us via this link: https://t.co/JzP7hlA23B so an agent can look into this for you. ^JJ",Language.ENGLISH,99,
2957012,2957011,2957013,@AmazonHelp C’est Amazon Logistics,@816249 Avez-vous contacté notre service client à ce sujet? Vous a-t-on expliqué la raison de ce retard je vous prie? ^SA,Language.ENGLISH,34,
605012,605012,605011,@116618 why there is no support for Chromecast in prime videos?? Will you add support at all??,@263816 We do not support Prime Video on Chromecast. You can watch your favourite movies &amp; TV shows using the Fire TV Stick https://t.co/LfQayM29Oe ^GK,Language.ENGLISH,94,
2073956,2073942,2073950,"@AmazonHelp Still nothing Amazon, do you actually have any intention of delivering my parcel? It’s nearly day 4! Do I win a prize?",@613390 I'm so sorry you still haven't received your parcel! What's the most recent tracking information showing for this order? You can find that here: https://t.co/aaDyEz1VgE ^HS,Language.ENGLISH,130,
2342041,2342039,2342037,@AmazonHelp I am trying to order a car powerpack but it wont deliver to my address.,@677432 So sorry! There may be some shipping restrictions in place for your location. More on that here: https://t.co/Ye9nTIU3EU ^MH,Language.ENGLISH,83,
1310989,1310989,1310991,"Poor @AmazonHelp @115850 
Same day delivery means delivery on the day order has been placed. You are deducting amount but not delivering",@426348 We're sorry to hear this. Please let us know if we've missed the delivery date for the order. 1/2 ^RS,Language.ENGLISH,136,
566642,566648,566649,@AmazonHelp Well I was on chat with manager Loicel but he ended the chat without helping me so ..,@252854 The link ^HS provided will allow you to send your details directly to our Social Media team so we can personally look into things for you. ^AM,Language.ENGLISH,97,
744097,744109,744110,"@AmazonHelp @115850 ordering refrigerator, TV and washing machine today totalling to Rs. 1.50 LACS. Hope thr are no shipping charges if I dnt tk dlvry",@297351 or you can refuse the package during delivery. You wouldn't be charged for the cancellation. 2/2 ^EM,Language.ENGLISH,150,
222854,222854,222853,"@AmazonHelp Do you do corporate tie ups too? As on monthly basis, I would be needing Amazon vouchers for my employees.",@169225 You can write to our concerned team from the link here: https://t.co/6LxUZyY68D and they will reach out to you on this. ^GK,Language.ENGLISH,118,
2566925,2566925,2566923,"@AmazonHelp @115850 
Now denying a refund ...

ORDER # 406-9675800-8579560 https://t.co/HHl9uKQoUa","@130724 Sorry for the experience you had, Parth. Please drop your details here: https://t.co/beaaDm0muc and we’ll contact you at the earliest. Please don't provide your order details, as we consider it to be personal information. Our Twitter page is public.​ ^NK",Language.ENGLISH,98,
348954,348956,349123,@115821 That the subscription is cancelled successfully,"@199061 Sorry to hear that, did you contact us by phone? ^JJ",Language.ENGLISH,55,
197700,197698,197697,"@AmazonHelp bonjour, par amazon :)",@162496 Que dit le suivi de votre colis sur le site du transporteur ? ^ Ko,Language.ENGLISH,34,
1349094,1349094,1349093,Fantastic service from Daniela @116928 👏,"@132355 Glad to know Daniela helped you, Melissa 😊 We are always here to assist you when needed. ^LG",Language.ENGLISH,40,
2761289,2764433,2764435,@AmazonHelp I just need contact number of the courier facility so that i can go and take if you dont want to deliver.,@772575 Apologies for the trouble. Please drop your details here: https://t.co/T58zsWourq we'll connect with you on this. ^RB,Language.ENGLISH,117,
2765023,2765022,2765024,@AmazonHelp amazon.in,"@773356 Thank you for the confirmation. Kindly, let us know if you've reported this to our support team? If not, you can do that here: https://t.co/rS49hgaADF so that they can assist you accordingly. ^BV",Language.ENGLISH,21,
2837070,2837067,2837071,"@AmazonHelp May I know how many e-books in Kannada you have? And which store? Few months back , i found very few.",@387198 We currently have over 200 Kannada E-books and we will continue to add more. You may check them here: https://t.co/YdZgOEuR3M and may select your desired one. ^NK,Language.ENGLISH,113,
1366239,1366239,1366237,"Paid 1024 Rs. for an Order and got refunded 921Rs. @115850 @AmazonHelp deducted the remaining amount as an imaginary ""Cashback"". HELP!",@438051 I'm sorry to learn about the refund issues. Did you happen to escalate this to our support team here: https://t.co/T6y6Xlutbs?^VN,Language.ENGLISH,134,
1591518,1591518,1591517,"Been waiting for an @115821 package to arrive. Just received an update saying an attempt was made, literally sitting 8' from the door. Lies.",@489253 That's not good. Who was the carrier? You can find that here: https://t.co/Y5jpI9gRhE ^BA,Language.ENGLISH,140,
1423778,1423777,1423779,@AmazonHelp It says that I was charged $65.28 USD by https://t.co/etr0USS6O4 https://t.co/dFulhkZf3o,"@450846 I'm sorry to hear that. If you get in touch: https://t.co/hApLpMlfHN, we'll be happy to look into this with you. ^DC",Language.ENGLISH,100,
23173,1480104,1480102,@AmazonHelp Also kein Abo etc. ?,"@463680 Automatische Verlängerung um einen weiteren Monat, wenn du nicht kündigst. Dies ist über dein Kundenkonto ganz leicht. ^DW",Language.ENGLISH,32,
485282,485282,485280,@AmazonHelp could you please explain why some items that we are having delivered today are coming from your own couriers but one is being sent by DPD which has subsequently been delayed in transit?,"@230459 Hi Tom, were you notified via email of a reason for the delay from DPD? ^HS",Language.ENGLISH,197,
437309,437309,437310,"@AmazonHelp Order no 404-0144727-9946740 not yet delivered, while it is showing delivered to customer.
Kindly help https://t.co/vV7JwkLmce","@218857 Kindly connect with our support team here: https://t.co/vlvfJr4nN9, and we'll assist you regarding this. ^NR 2/3",Language.ENGLISH,138,
1741020,1741015,1741017,"@AmazonHelp Well, waiting..","@525270 Could you confirm if you've received the email with the reason for cancellation? If not, please keep us posted. ^SK",Language.ENGLISH,27,
21428,21445,2591341,@115850 Where are winner list of earlier contest like #appguesswho  held 18-19 sept @AmazonHelp  @115850 ...,@311015 I understand your concern regarding the App Guess Who contest. The winners will be announced by 15th November 2017. ^HD,Language.ENGLISH,108,
281126,281125,281127,"@AmazonHelp It's ""Amazon Logistics""",@182985 Can you please contact our CS in order to make the necessary researches for you. Can you also give me the tracking num? ^ARC,Language.ENGLISH,35,
523444,523444,523442,"#AmazonEcho  has a long way to go but a decent start. Few things has become a routine now : Playing music, Business/Tech news, Weather updates, Reminders, Booking Uber etc. #Amazon #AI #Technology #gadgets #Uber #saavn #ET https://t.co/oezNoUrXFo","@240952 Well that's true! By the way if I could know, what's your favorite skill? ^AP",Language.ENGLISH,246,
828292,828292,828294,@115850 Can you please help me? my account has been placed on hold.called care but still not resolved.plz call 8274978339 asap,@317323 to their email. They're the right ones to approach for updates and for the status of concerns raised. 2/2 ^EM,Language.ENGLISH,126,
759009,759009,759007,"@115850 horrible.packin tampered ,supplied defective fake cartridges.printer failed2detect,online help identified fake cartridges https://t.co/hh6d0abiMV","@301369 Please don't provide your order details, we consider it personal information. Our Twitter page is visible to public. ^VN (2/2)",Language.ENGLISH,153,
1634655,1634654,1634656,@AmazonHelp Ups claimed a delivery attempt and then took the package to an access point downtown the next day. I was here the apt office was open.,@500047 Thanks for telling us what happened. Have you been able to pick up your package or schedule for a re-delivery? ^DW,Language.ENGLISH,146,
142037,142037,142038,Can't believe how bad Amazon really are.... Totally messed up my order and left me with nothing. No help or support. Thanks Amazon.... @AmazonHelp,"@148054 Hey, without giving any personal account info, can you tell us what happened?^MA",Language.ENGLISH,146,
1563273,1563273,1563271,@115821 you over charged me on an item. Your own site shows a 24.22 price &amp; you charged me 29.63 before taxes etc.  WTF?!?!? YOUR mistake!,@482769 We can look into that for you. Get in touch here: https://t.co/hApLpM3Ejd and we'll be happy to help. ^RS,Language.ENGLISH,142,
2905050,2905050,2905047,Wow. Officially the worst customer service I've ever received and believe me I've received some terrible service from companies!! Thanks a lot @115830 @AmazonHelp for first lying to me and then not sticking to your word. Disgusting service and you've ruined my son's birthday!,"@804490 Oh my goodness, that's certainly not the kind of experience that we'd want any of our amazing customers to have! Without providing any personal account information, could you explain to us what happened? ^GP",Language.ENGLISH,276,
890555,890554,890556,"@AmazonHelp It shows that I bought it and it's coming tomorrow, but in my Amazon music it's not there as an auto rip",@331444 When did the order ship out? In some cases it can take up to 48 hours for the AutoRip to apply. ^EP,Language.ENGLISH,116,
1400585,1400581,1400583,"@AmazonHelp If it doesn’t come by then, what will happen? I need to today and ordered it on prime.","@445655 If it doesn't arrive, we're happy to look into all available options at: https://t.co/hApLpMlfHN ^LI",Language.ENGLISH,98,
1404810,1404809,1404811,"@AmazonHelp ^TRIED. Restarting device,stick,signed out &amp; back in, tried downloading phone app. Tried everything",@446603 So sorry for the frustrations! Please reach out to us here: https://t.co/JzP7hlA23B so we can troubleshoot with you. ^AD,Language.ENGLISH,115,
294746,294746,294743,@115850 can someone return pick my package every time I just hear apologies,@133051 We'd like to help you with the pickup. Please share your details here: https://t.co/GIJyeYqKE0 and we'll help you. ^ZH,Language.ENGLISH,75,
736501,736501,736502,@115850 Its ridiculous I have spent a lot of  time in searching and booked an order and now #Amazon cancel my Order# 408-3311001-6049126 really #patheticservice #NoCustomerSatisfaction . I have never experienced such thing by @115850,@296162 your order/account details as we consider them to be personal information. Our Twitter page is visible to the public. [2/2] ^NS,Language.ENGLISH,233,
1133085,1133085,1133084,"@115850 It should be #BREAKINGNEWS that Amazon India denied, to avoid legal notice. @55350 @76445 @61231 https://t.co/xhTOuhuBsv","@198899 Please don't provide your order details, as we consider it to be personal information. Our Twitter page is public.​ 2/2 ^NK",Language.ENGLISH,128,
1493743,1493743,1493740,my prime expired 4 days back. Bought echo last month (which renews prime). But @115850 hasn’t delivered and won’t let me use prime!,"@124471 Apologies for the delay, Apoorv. Please respond to our email so we could take it from there. ^JC",Language.ENGLISH,131,
5159,123448,123450,@AmazonHelp Sir still I didnot got my refund money please check,"@143579 My apologies about the delay, Shreyash. We'd like to have a closer look at this. Kindly drop in your details here: https://t.co/GIJyeYqKE0 and we'll reach out to you at the earliest. ^NK",Language.ENGLISH,63,
1130558,1130558,1130557,@115821 how can I get my account back???? Someone hacked my amaZon is there a number I can contact you.,@386434 Oh no! We want to take a look at this! You can reach out to us directly here: https://t.co/jzvkhdlrK5 ^MJ,Language.ENGLISH,103,
1727459,1727459,1727455,@115821 @AmazonHelp seriously disappointed with your delivery and customer services,"@519490 Hello, Jonathan. I'm sorry for the frustration. Without providing any personal details, can you tell me a bit more? ^FJ",Language.ENGLISH,83,
430675,430675,430672,"So I ordered @217158 's new book back in February, supposed to be delivered today and it hasn't even shipped yet.  Awesome, @115821","@217418 Hi Brian! It isn't uncommon for items to be shipped on the delivery date and arrive before 9pm. If it doesn't, pls let us know! ^JD",Language.ENGLISH,131,
727277,727277,727276,@115850 have still no received my order. No attempt for delivery was made. What's going on. It's been over ten days.,"@294218 I understand your concern, Have you reached our support team here: https://t.co/rS49hgaADF? ^VR",Language.ENGLISH,116,
2840195,2840195,2840194,"Polaroid camera just came in, thank you @115821",@790375 We're happy to hear your received your camera! Enjoy!! 📸 ^DD,Language.ENGLISH,47,
312130,312129,312131,@AmazonHelp I did. I was asked to supply another phone no.,@190545 Sorry for the trouble with the mobile recharge. Please share your details here: https://t.co/GIJyeYqKE0 and we'll check. ^KA,Language.ENGLISH,58,
1095293,1095291,1095294,@AmazonHelp I've already been in contact with your cs dept. Waiting to see if I actually get a return call from a higher up.,"@378469 Apologies, please keep us posted Ron ^TP",Language.ENGLISH,124,
2337941,2337943,2337945,@AmazonHelp So far your agent Sujai has not been able to figure out the issue. Same thing happened last year. I continue paying for non-working app!,@186672 The Digital Team will be able to assist  ^TD,Language.ENGLISH,148,
1315558,1315558,1315556,What is the point of being a Prime member for free 2 day shipping if my stuff does not come in on time? Very unhappy @117795 @115821,@427325 Hello sorry to hear this. Are we missing our delivery times being provided to you via email when you place your orders ? ^CR,Language.ENGLISH,132,
1760499,1760499,1760497,@115821 what am I paying for exactly with prime? I love receiving a box full of broken bottles https://t.co/3k4D0Dox3B,"@529865 Truly sorry to see this occurred! Please, reach us here to explore possible options together: https://t.co/hApLpMlfHN ^JE",Language.ENGLISH,118,
382649,382649,382647,"@AmazonHelp @115850 Ordered an umbrella &amp; seems like delivery guyz need it more due to rain,Tele-customer support is disabled, Helpless !!",@206709 Apologies for the inconvenience. We'll take this as a feedback and forward it to the team internally. ^RB,Language.ENGLISH,142,
177318,177316,177315,@AmazonHelp My package is still missing.,@157750 Oh my! We don't have access to your account via Twitter. Please reach out to us here so we can look into this together: https://t.co/hApLpMlfHN ^MO,Language.ENGLISH,40,
286234,286234,286233,@115850 @AmazonHelp that's for ruining my birthday by not delivering the order on time even tho it was place 2 days ago!!!,"@184193 We're sorry to miss a special occasion. Did you happen to report this to us, here: https://t.co/vlvfJr4nN9? ^YP",Language.ENGLISH,122,
2345633,2345633,2345631,"Do you know how infuriating it is to have baby bottle nipples, but no nipple bases/collars and you can't even buy them on @115821? UGH! Why doesn't someone sell these?!","@678266 I'm sorry to hear of the frustrations you've encountered searching for the collars, Emily!  Would these meet your needs https://t.co/kPto0QbWs8? Let us know, we're here to help! ^AZ",Language.ENGLISH,168,
2395759,2395759,2395758,@115850 received no mail today regarding this matter,"@122719 If you've shared your details, you should've received a correspondence from us. Kindly check for the correspondence here: https://t.co/8DAc10S7ww ^KH",Language.ENGLISH,52,
1443284,1443284,1443285,"@115850 blatantly overcharging for a product, invoice accompanying the product is higher than the MRP mentioned on product packaging!","@280251 to offer you the lowest price, may result in fluctuations in our prices over time. (2/2) ^GS",Language.ENGLISH,133,
284298,284298,284296,"@115830 when a parcel isnt delivered and you arrange redelivery, how long should it take as a prime member to receive it? Thx",@183717 Thanks for contacting us! Most redeliveries occur the next business day unless otherwise stated. Let us know if this helps! ^HM,Language.ENGLISH,125,
2931386,2931388,2931390,@AmazonHelp I did. I went to https://t.co/uygocfHtt9 and filled out the form right after you linked it.,@658485 Did you get through to us? What was advised? Keep us posted!^CN,Language.ENGLISH,103,
420309,420309,420308,Hey @115821 @115850 @115851 Is the display of Hitlers book here accidental or Is it really preferred by Indians or what !? https://t.co/Tmog4wx1Ur,"@19722 Hi, our app is designed to display the best deals available at that point of time. Same is the case in the picture. ^HK",Language.ENGLISH,146,
2111113,2111113,2111115,"it´s a bit strange that @119625 won´t support chromecast on their app, not being able to Watch things on my tv kind of sucks","@622715 I get your concern, however you would be able to connect it via fire stick. You can watch Prime Video on all latest (1/2)^BS",Language.ENGLISH,124,
456585,456585,456584,Yeah... @115821 just left a bitter taste in my mouth after I was charged twice for no reason.,"@223425 I'm sorry for the unexpected charged. I can definitely understand the frustration. Without providing any personal details, can you give us a bit more information regarding the charges?  ^FJ",Language.ENGLISH,93,
1157242,1157241,1157243,@AmazonHelp OK got it,"@392230 Sounds perfect, Deep. Do keep us posted in case of any further queries. ^KS",Language.ENGLISH,21,
145761,145761,145758,@115850 @115851 #disappointed jacking up price and then discounting does not inspire consumer confidence. Price is 6000. You show 6490. https://t.co/q0xniZDKE7,"@149062 Pricing and offers are decision of the sellers. The constantly changing marketplace and our efforts to offer you the lowest price, may result in fluctuations in our prices over time. ^KH",Language.ENGLISH,159,
2304139,2304138,2304140,@AmazonHelp The customer service had nothing to say about it,@668553 I understand your concern. Did they explain that you will receive an email response from a specialist within 24-48 hours? ^SK,Language.ENGLISH,60,
1578761,1578761,1578758,"Great work @115830. Assured our Prime delivery would arrive before 10pm, now told its not coming, a birthday ruined. thanks","@486192 I'm so sorry! We strive to meet the delivery date, have you been updated with the reason for the delay?  ^AG",Language.ENGLISH,123,
1868740,1868732,1868734,@AmazonHelp I'm talking to the team from.past 2 days and no one is able to help me... Your Order AWB# 69980758934,@558200 to be personal information. Our Twitter page is visible to the public. 3/3 ^AP,Language.ENGLISH,113,
2311984,2311980,2311982,@AmazonHelp Sorry my mistake. That order was placed via amazon.de (other order todat via co.uk),@670493 You can contact the amazon.de customer service via this link: https://t.co/xIcdaedBRk ^MH,Language.ENGLISH,95,
2192583,2192583,2192582,"You know you can't trust @115821 marketplace if your order doesn't have any tracking info updates since it supposedly left origin facility. It was supposed to arrive yesterday. Last time was a nightmare enough, this time isn't looking much better. Thanks for the sub-par service.",@641745 I'm sorry to hear about this! I'd like a team member to look into it for you. Please reach us here:https://t.co/hApLpMlfHN ^NS,Language.ENGLISH,279,
2953643,2953642,2953644,@AmazonHelp Give me a break. Now it says my call with you has ended when I never got any call. What is this? Your customer service is terrible. What is the number that I can call?  Your site makes no sense.,@813621 I can certainly understand any frustration. You can contact us by phone directly at 1-866-216-1072. ^LI,Language.ENGLISH,206,
345829,345827,345830,"@AmazonHelp I have already got in touch with customer service, they need 4 days to investigate. Why did you need such a long time",@198304 Sorry about the conflicting tracking update. Kindly drop in your details here: https://t.co/beaaDm0muc and we'll check. ^GK,Language.ENGLISH,129,
379894,379896,379897,@AmazonHelp WTH !!! NOT FAIR,"@206122 We do understand your concern, however, you can use the pay balance to place a new order. ^HN",Language.ENGLISH,28,
2171084,2171084,2171082,"@115830 Hi, it received an email yesterday saying my order had dispatched, guaranteed to arrive Friday (release day) but on Royal Mail tracking, it says they haven't even received the package? Any help appreciated. Thanks.","@636822 Hi Kevin, we still expect your order arrive with you tomorrow. If it hasn't arrived by 9pm let us know. ^KI",Language.ENGLISH,222,
635646,635642,635641,@AmazonHelp I gave you all details but no reply from you..,"@270736 If you've shared your details, a correspondence from our team will be sent to you here: https://t.co/8DAc10S7ww kindly check and reply. ^MN",Language.ENGLISH,58,
1526923,1526923,1526921,@AmazonHelp thanks for messing me about again 👍 your customer service teams are really unhelpful too 👏🏻👏🏻👏🏻,"@474148 Sounds like you had a bad experience, my apologies. Can you tell me a little more about the issue? ^CH",Language.ENGLISH,107,
1832111,1832114,1832115,@AmazonHelp What details....,@264909 The details mentioned in the link above and we will assist you accordingly. ^HR,Language.ENGLISH,28,
477800,477799,477801,"@AmazonHelp Hi I have sent a dm, if someone could get back to me ASAP that would be fab thank you","@228501 Hi Jessica, thanks for letting us know. We'll be in touch as soon as possible.^TI",Language.ENGLISH,97,
136898,136898,136897,@115821 @115850 is doing great in terms of educating its users through innovative quizzes about various features n offers :) Sadly none I know have actually won anything till date :( Wonder how long a loyal user actually let's himself be played b4 he gives up...,@146877 All the contests on our website are genuine. You can view the winners of most of the contests here: https://t.co/k78jtyQh1L ^KA,Language.ENGLISH,262,
65795,65787,65789,"@AmazonHelp Already filled yesterday 4th time...how many more times do you want me to fill? 😡
Each and every thing needs to performed or explained atleast 20-30 times for you to understand?","@131048 I'm sorry, we haven't received your details yet. Kindly drop the details related to your amazon account in the link here: https://t.co/beaaDm0muc and we’ll contact you at the earliest. ^BV",Language.ENGLISH,189,
332010,332017,332019,@AmazonHelp Yes I have.,@195058 Thanks. We'll check and revert at the earliest. ^HK,Language.ENGLISH,23,
1605131,1605128,1605127,@AmazonHelp There is. But I don’t understand how it could have been in transit and now I may not get it for a couple days.,@492399 Unforeseen circumstances may arise causing delays. We can make sure this is reported. We're avail: https://t.co/hApLpMlfHN ^EP,Language.ENGLISH,122,
1306451,1306448,1306447,"@AmazonHelp Where the hell is my package?
There is no proper tracking system on your website.
Also the customer service is of no use. Pathetic service!",@425298 We've responded to you via DM. Kindly check. ^GK,Language.ENGLISH,151,
302248,302248,302247,@115821 where df my phone case at ?,"@188117 Have we missed the delivery date? If so, who's the carrier and what's the tracking? Check here: https://t.co/q4LAMZ3tbE ^GL",Language.ENGLISH,35,
359498,359498,359497,@115850 The Echo that you have launched in India is the new second gen or three older one?,@182991 The devices are second generation. ^SG,Language.ENGLISH,90,
2775898,2775897,2775899,"@AmazonHelp Yes, 2 times now. The first time I was told that because I didn't know the email it was changed to they couldn't help. And the second time I was told that there was no security issues when there clearly were since I wasn't listing these items and the email was changed. https://t.co/aSFhtNOjVc",@775647 We want to investigate this further with you. Please reach out to us using this secure link: https://t.co/tkFnXMW1Ea ^GR,Language.ENGLISH,305,
1700093,1700093,1700092,"@120533 , fait vite 🙋🏻‍♂️je l’attend ma #XboxOneX 🙌🏻😍@129009 https://t.co/UqFJpKrU9R","@273384 😍 Il ne vous reste que quelques jours afin que vous puissiez en profiter ! j'espère que ça passera vite .
^KE",Language.ENGLISH,84,
1488388,1488388,1488387,@115850  Hey ! Return pickup being rescheduled for the past 5 days. Please check. https://t.co/jR7cerlhvH,"@465729 Please don't provide your order details, we consider it to be personal information. Our page is visible to the public. 2/2^AR",Language.ENGLISH,105,
1030179,1030172,1030170,@AmazonHelp I know but problem was not solved till now,@363738 Please revert to the email sent by our team for further assistance on this issue. ^VM,Language.ENGLISH,54,
626885,626880,626881,"@AmazonHelp No use, can't bring back this day until next year. Leave it. At best try to deliver at earliest.",@268454 I understand it is very disappointing. Request you to fill the details so that we can check and help you out from our end. ^NK,Language.ENGLISH,108,
21490,21490,21489,@115850 frnd ordered kindle wich was not delivered.He canceled order &amp; U agreed. Bt aftr a mnth U r denying to give refund. Disappointing,@120693 here: https://t.co/beaaDm0muc and I’ll contact you soon. 2/2 ^AH,Language.ENGLISH,141,
341463,341462,341465,"@AmazonHelp my priduct is in the town
But y ur Deleivery company is not concerning about it",@197576 Sorry to know about the delivery issue. We can't gain access to your account via Twitter. (1/2) ^KA,Language.ENGLISH,91,
322951,322951,322950,"@115851 @115850 @115821 still waiting for a serious response from Amazon.in, i want update on my order . Send me the camera, why me.",@184677 We're following up with you here: https://t.co/vEVKkHiciz kindly take a look. ^MS,Language.ENGLISH,132,
779312,779312,779311,@115850 strange evn after my tweet to u  can't see any reply .Order cancelled without even trying 2 deliver. https://t.co/YGmzVjl2ph,@306114 Apologies for the unpleasant experience. Kindly reach our support team here: https://t.co/vlvfJr4nN9. We'll have it checked. ^GS,Language.ENGLISH,132,
328430,328430,328429,@115821 where’s my strobe light?,@194310 We're here to help! Could you tell us the latest tracking update showing here: https://t.co/aaDyEz1VgE ^ML,Language.ENGLISH,32,
1432297,1432296,1432298,@AmazonHelp I like the way you reply like an innocent. I feel like you intentionally making it slow. c'mon Amazon it's not my first order with u guys.,"@452587 We'd like to help you, Praveen. Please let us know If we've missed the order estimates. ^NK",Language.ENGLISH,150,
2784506,2784506,2784505,"@115850 Your Amazon.in order #407-6220684-5269968 could not be delivered as customer was not available.. Delivery was never tried and no one called and I still keep getting this message every day. The service is just getting worse.
#badservice","@777480 Please don't provide your order details, we consider it to be personal information. Our page is visible to the public. (2/2)^MN",Language.ENGLISH,243,
2693912,2693911,2693913,"@AmazonHelp There’s no mention of a 5505 error on that page, and my login info is the same I use to watch Prime video on my laptop and iPad. Can you be more specific?",@757145 5505 error typically is an issue with your country settings. We can assist you with updating this information by phone or chat here: https://t.co/cuWdyEhfAF ^AN,Language.ENGLISH,166,
513533,513532,513534,@AmazonHelp it says it could still get here by today at 8pm but I checked the tracking number on UPS’s website which says the scheduled delivery date is unavailable. https://t.co/kne9bNt5iY,@238186 We appreciate the information. Late orders generally arrive within 1-2 business days. Please keep us posted. ^GG,Language.ENGLISH,189,
224560,224560,224561,"@115850 Help me out with my  product delivery!!
Tracking no.178250130!!
Really frustrating experience!! Appreciate if you take some action","@169653 Apologies for the inconvenience caused due to this delay. I'd like to look into this for you, please fill in the form 1/2^EM",Language.ENGLISH,138,
2367974,2367972,2367971,@AmazonHelp You’ve actually lost my packages and delayed several others. But have no fear. I’ve spoken to your people over the phone already. Thanks for responding promptly though.,"@552377 We'd like to take a closer look to ensure this is addressed. When you have a moment, please relay specifics to us using this secure link, and we'll be in touch: https://t.co/wjQJ18grEv ^MV",Language.ENGLISH,180,
49994,49994,49992,@115850 THIS DEAL DIDN'T START -_- https://t.co/ZEVYiMP1CE,@127188 I've cross checked and the deal is currently active. Please check again. ^JS,Language.ENGLISH,58,
2728036,2728036,2728035,"@118919 Im getting irritated from getting of mobile moto g5s plus, only 10 days of usage mobile cameras gone, and services also worst, I give my mobile on Nov 6 to authorized mobile center but still no updates, wasting money from moto gs plus....",@387617 I get your disappointment. Kindly confirm if you've shared the details via https://t.co/GIJyeYqKE0 ^SG,Language.ENGLISH,246,
851605,1145909,1145910,@AmazonHelp Send DM details,@287936 here: https://t.co/vlvfJr4nN9 ? 2/2 ^NK,Language.ENGLISH,27,
754602,754602,754599,@115850 facing issue with an order return.. Pls help! Ur cust care rep is nt helpful either. Not expected this frm u guys,@300380 We would like to help you. Please share your details with us here: https://t.co/GIJyeYqKE0. We'll get in touch shortly. ^CB,Language.ENGLISH,121,
1209144,1209144,1209141,Anyone know how to unsubscribe from @116618 here in Thailand? Just getting run around from 'helpline' there is no link on @115830 site where I am registered,@403859 Are you able to cancel it here Mike https://t.co/6R3MTZigmr ^KM,Language.ENGLISH,156,
179716,179700,179699,@AmazonHelp @115850 @115821 @AmazonHelp @115850 You guys seriously want to deliver this ?? whole day ur Cc team was telling to delvr this today only !!! https://t.co/MwzaY4WoM2,@158320 your order by the usual timeline. Kindly wait until the new extended date while we get the delivery arranged for you. 2/2 ^AB,Language.ENGLISH,176,
820090,820090,820088,@115830 Hi... I buy @146822 from you on Subscription Shopping &amp; I’ve had 4 boxes now arrived with less than a month shelf life. 😳 https://t.co/tn2D5ekQIw,@136056 We'd like to assist! We're happy to review your orders and any available options with you here: https://t.co/JzP7hlA23B ^JR,Language.ENGLISH,157,
727819,727819,727818,@10827 @AmazonHelp @115821 yesterday placed order against prime but delivery boys update wrong status on the web od#404-3458920-7446761,"@294362 Please don't provide your order details, we consider it to be personal information. Our page is visible to the public. ^KA",Language.ENGLISH,135,
386447,386451,386452,"@AmazonHelp @AmazonHelp @115850 Already done that, was told that you guys are sorry and the amount will be refunded. Wonder where I heard that before","@207488 Should you require any further assistance, please reply to the email and we'll reach out to you. ^GS",Language.ENGLISH,149,
717645,717645,717644,@115821 I am very confused by this packaging. Huge hvy duty box for something so small? #wasteful #primepantry #whythough #shipping #Amazon https://t.co/Jt69L6GDn9,@291838 We appreciate the feedback. We're always looking to improve and here's how you can help us: https://t.co/d0ZdyRjLFu ^CL,Language.ENGLISH,163,
2835617,2835617,2835616,@115830 chucked on the floor outside and no note through door to let us know it was there ! Ruined 🙄 https://t.co/YCicW84iay,"@789282 I'm so sorry about this experience, Becca! Have you established a safe place for parcels? If you haven't, this resource can help you set one up for future deliveries: https://t.co/tONT7bldMb ^SA",Language.ENGLISH,124,
1727453,1727453,1727454,Dear @115850 My order number 408-4812252-6960342 has not been delivered. Been a month now. Maybe someone gives a shit and gets in touch?,"@522417 I apologize for the miss. Kindly report this to our support team here: https://t.co/rS49hgaADF, we'll get this sorted. 1/2 ^VH",Language.ENGLISH,136,
1402144,1402143,1402145,@AmazonHelp Thanks for the one day delivery Amazon Prime.... what a joke! I needed this today! https://t.co/1j5Aplgubd,"@406793 So sorry your package was delayed, Luke. We can look into options. When you can, please reach us here: https://t.co/JzP7hlA23B ^BL",Language.ENGLISH,118,
2557207,2557206,2557208,"@AmazonHelp Order Number:

111-3133126-4421820","@726005 We charge for an order once it enters the shipping process. The pre-order price guarantee will automatically refund your credit card for the difference between the price you were charged and the release-date price, within 24-72 hours following the release date. ^DA",Language.ENGLISH,46,
611080,611080,611078,"Was recently locked out of my Amazon account by someone pretending to be me, who then changed my password. Emailed @115830 twice - never had a reply back. Gladly, I haven’t shopped on Amazon for several years, so all my cards had expired! But still what crap service @115830",@265291 Oh my! I'm sorry for the lack of response. We don't have access to your account via Twitter. Please reach out to us here so we can take a look at this together: https://t.co/JzP7hlRCV9 ^MO,Language.ENGLISH,274,
639506,639506,639505,@AmazonHelp Not happy our order was due to arrive by 8pm this evening and what a surprise it hasn't arrived.,"@141258 I'm terribly sorry that your parcel was delayed, Anthony! Have you received an updated delivery date or a delay e-mail? ^AR",Language.ENGLISH,108,
1049378,1049378,1049377,"@AmazonHelp Hello, I live in Jersey &amp; receive phusical items VAT -Free but my kindle purchases still include VAT. Can i get a refund, please",@368019 Please reach out to us here: https://t.co/JzP7hlA23B and we can look into it. ^PK,Language.ENGLISH,144,
1043727,1043652,1043653,@AmazonHelp @115821 @115850 You are saying you will work on it. That means you have not started yet. And what about work since I made complaint on Sat,@366798 We're working on your issue and will get in touch with you at the earliest. Please keep an eye on your mail box. ^OS,Language.ENGLISH,150,
1168747,1168748,1171383,@AmazonHelp What if I don’t want it now? I only ordered it for convenience of next day delivery but now it hasn’t arrived it’s far less convenient than just going to a shop and getting it for myself..,"@394916 I understand any inconvenience this has caused. If you would like to cancel, you can do so here: https://t.co/XwrQeTn34a ^KJ",Language.ENGLISH,200,
862505,862504,862507,@AmazonHelp Read all the image you will get the order,@324801 Please contact us here: https://t.co/rS49hgaADF so that we can assist you accordingly. (2/2) ^JS,Language.ENGLISH,53,
2523376,2523376,2523374,Hey @115821 @AmazonHelp I clicked on Prime by accident &amp; then cancelled can you make sure I am not charged please,"@205016 Hi! We do not have access to account via Twitter. If you have canceled Prime, you should not be charged. ^BA",Language.ENGLISH,117,
2896037,2896036,2896038,@AmazonHelp Yes I did! however they are saying they can not help me and I will get my order by next week. Can you believe that I am getting my Prime order by next week after paying extra for 1 day shipping. Conversation here - https://t.co/VKvbnfmNfw,"@802511 I understand your situation. We'd like to have a closer look into this. Please share your details here: https://t.co/beaaDm0muc, we'll check and get back to you with an update on this. ^HS",Language.ENGLISH,250,
2463034,2463030,2463028,"@AmazonHelp So far it hasn’t. Said dispatching now yesterday, said didpatching now this morning. Now it says dispatching tomorrow, lol","@541853 One day delivery would start as soon as the item is confirmed dispatched, there may be a delay here with the dispatch process. Can you please let us know if it does not dispatch tomorrow as advised? ^NV",Language.ENGLISH,134,
2670768,2670767,2670766,@120474 You’re awesome 😘,@751932 We learned awesomeness from you! :) ^AP,Language.ENGLISH,24,
520639,520639,520638,@115821 @AmazonHelp 3rd late/delayed pkg since Nov 10. Totally disappointed &amp; frustrated. Service is slipping big time and it’s barely Xmas season. Something needs to change. FAST https://t.co/YrqY95P1JC,@240185 This isn't what we want for our customers and I'd like to have my team look into this further. Please provide details using the following link so that we may do so: https://t.co/RghbuzbpHS ^DO,Language.ENGLISH,207,
2473530,2473526,2473524,@115821 Amazon is not a good it is fake company it do not provide cashback  after recharge.. ur staff DEEPANKAR misbehaved with me plz take serious action,"@707253 Please don't provide your phone number, we consider it to be personal information. Our page is visible to the public. (2/2) ^MO",Language.ENGLISH,154,
779520,779519,779523,"@AmazonHelp You took my money , didn't download content, wiped out ALL my earlier books. 
Order #D01-8815411-8434218
Placed on Tuesday 26 September 2017",@306166 the link here: https://t.co/GIJyeYqKE0 and we'll contact you soon. 2/3 ^PS,Language.ENGLISH,152,
619197,619196,619198,@AmazonHelp Looks nice but think it's for the wrong model?,"@266930 Whoops! While we're still on the subject, I quite like this one: https://t.co/wkX487dYQC ^TI",Language.ENGLISH,58,
1866959,1866958,1866960,@AmazonHelp Any exchange program on echo devices?,@557738 We currently do not have any exchange offer on the Echo devices as these gadgets have just been launched. ^VM,Language.ENGLISH,49,
2978195,2978195,2978193,"@AmazonHelp @115821 Get your boy, Mike. Completely unhelpful. https://t.co/EvMuusNcjL","@821369 I'm sorry for the trouble! We'd like to help. Without providing any personal or account information, please let us know what's going on. ^LR",Language.ENGLISH,85,
1397265,1397267,1397268,@AmazonHelp But i like echo spot more it has a screen through which i can do video calls,@444922 We have made any announcement on Echo Spot at the moment. I'll ensure to share your comments internally to work on. ^CB,Language.ENGLISH,88,
2396272,2396271,2396273,@AmazonHelp I'm not referring to a particular order but to a general issue with Prime's delivery rates in our area. We have tried to raise this with Amazon multiple times but there does not seem to be any willingness to engage with complaints beyond the order-by-order basis. So why renew?,"@689756 Thank you for that information, Adrian. With the orders that are experiencing issues, do you see a trend in the carrier? If you're unsure who the carrier is, you can locate that information here: https://t.co/PyACxvY8Qo ^AR",Language.ENGLISH,289,
1872071,1872070,1872072,@AmazonHelp already done this,"@447819 Emails may take a little while to reply, phone or chat should be almost immediate. Please let us know how it goes! ^RL",Language.ENGLISH,29,
2704984,2704979,2704981,@AmazonHelp Por Amazon,"@759710 Comprendo. Para poder brindarte la información correspondiente, dinos, ¿el pedido lo hiciste en https://t.co/nUUp5MLhYl, https://t.co/Xxn35fEBwC o algún otro de nuestros sitios? ^CR",Language.ENGLISH,22,
2586288,2586288,2586287,"how was a package out for delivery today but now it’s in White Plains, NY ?this shit makes no sense 
@AmazonHelp",@732836 Sorry for the delay! Have we missed the delivery date in your confirmation e-mail found here: https://t.co/wCAOys4wIk? ^SG,Language.ENGLISH,112,
1119225,1119221,1119220,"@AmazonHelp As per the correspondence, the reverse pickup of the defective TV was supposed to done by 12 Oct. It's still not done.","@295783 If the resolution wasn't up to you expectations, you can choose to write back. We'll revert at the earliest. ^CB",Language.ENGLISH,130,
1786122,1786126,1786127,@AmazonHelp No reply received from your side. I m just fed up with the service. Pls take it back. I have wasted my money. Fradulent service.,"@536630 If you've shared your details via the link provided earlier, we'll get in touch with you soon. Appreciate your patience. ^AK",Language.ENGLISH,140,
9791,9791,9789,Ordered cases for our new iPhone X and @115821 sent me iPhone 8 cases for BOTH ones. NOT THE SAME PHONE! #pissed,@117793 I'm sorry you didn't receive the correct items! I recommend trying the steps here for wrong items: https://t.co/3B6iUhjS3U ^SJ,Language.ENGLISH,112,
2866071,2866073,2866074,@AmazonHelp It looks like the item isn't on the list for feedback :(,"@796043 We can't fix this surprise but we can help for future orders. Look for, ""This item's packaging may indicate what is inside"" on the detail page. Select the gift option or mark ""Ship in Amazon box"" on the checkout page: https://t.co/2296ix5c7a ^AF https://t.co/wXJiyIN0iV",Language.ENGLISH,68,
963261,972779,980789,@115850 The payment confusion is resolved n confirmation SMS of dispatching order is received. Thank you for ur help.,@348593 Good to know that the issue is resolved. Happy shopping. ^SI,Language.ENGLISH,117,
1325524,1325517,1325519,@AmazonHelp I wasted my time with you,@429297 Twitter being a public platform we do not have access to your order details. (1/2) ^SI,Language.ENGLISH,37,
679041,679039,679042,"@AmazonHelp You have no compensation policy. So basically you can mess up an order, not adhere to your commitment, put customers through  a lot of hassle, and not have to take any responsibility. How very convenient for you.",@282026 Apologies for the bad experience you've faced so far. I've noted your comments and have forwarded your feedback internally so that they are aware of this issue. Every report they receive will be investigated and appropriate action will be taken.​^AR,Language.ENGLISH,224,
2890549,2890548,2890550,"@AmazonHelp Wrong items sent multiple times, damaged items, drivers not even knocking on door, cut off on the phone twice, unauthorised payments, told incorrect information multiple times on phone, advised to discard of broken item-then attempted to be charged for it. Never used to be as bad","@467643 I'm terribly sorry for the poor experience, Ashleigh! We certainly don't expect this to happen. We're not able to view your account via Twitter. However, please allow us another opportunity to look into this further with you here: https://t.co/JzP7hlA23B ^AB",Language.ENGLISH,292,
381413,381413,381412,@115850 @AmazonHelp Gt my firestick tv 10 days bk now power adpter stop working.Wn I askd 4 rplacemnt thy suggstd buy new1 later wl refund,"@206451 I'm sorry hear about the adapter. We'd like to look into this, please share your details here: https://t.co/cQVomR1pWz. ^HA",Language.ENGLISH,138,
723263,723263,723265,"@115850 I'm a prime user bt still being charged 4 transportation of d product (order ""406-9983915-0345141"")..Please refund the same...",@293192 to be personal information. Our Twitter page is public. 3/3 ^SH,Language.ENGLISH,134,
1285588,1285579,1285577,@AmazonHelp I have nothing to cancel? I’ve been charged some something I never signed up for!?,"@420711 If Amazon Prime isn't showing on your account to cancel, please contact us via phone/chat here: https://t.co/JzP7hlA23B ^AJ",Language.ENGLISH,94,
2266877,2266870,2266868,@AmazonHelp Already called amazon customer service team 4 times,@659794 Apologies for the hassle. Please drop in your details here: https://t.co/GIJyeYqKE0. We’ll look into it. ^SB,Language.ENGLISH,63,
140994,140999,141000,@AmazonHelp I believe my dad has been trying to talk directly to customer service and even tried emailing the CEO but is not satisfied ... I volunteered to tweet as he doesn’t ... until the tweet at the beginning of the thread,"@147308 It's not uncommon for items to ship the day of delivery &amp; still arrive on time. Keep us posted! We don't have access to your father's account/order details via Twitter, but we're free to speak about this via phone &amp; through live chat too: https://t.co/JzP7hlA23B ^KN",Language.ENGLISH,226,
379934,379934,379935,"@AmazonHelp Y u guys don't update d delivery guy no just like Flipkart do? No matter what,hw many times we complain, u pay no heed to our",@161882 Could you kindly let us know the estimated delivery date? Please don’t provide your order/account details [1/2],Language.ENGLISH,137,
2406940,2406940,2406938,.@115821 customer service lately has been meh as has Prime delivery.,"@368172 Hello Melissa! Thanks for reaching out today. Since we do not have account access to see ourselves, please elaborate on your experience w/o personal details. We'd like to help review together if you'd like. ^TM",Language.ENGLISH,68,
862505,862510,988199,@115850 @AmazonHelp @115851  what team you have the seller had pusposely send the wrong product twice,@324801 We have responded to you here: https://t.co/pwmfoIMUZz. Kindly check. ^MP,Language.ENGLISH,101,
1079369,1079391,1079392,@AmazonHelp I am stuck with you last two days without any solution. Would you people really helping me???,@374607 You will receive an email communication here: https://t.co/TNQnQkSeFz ^RW,Language.ENGLISH,105,
989878,990006,990008,"@AmazonHelp @AmazonHelp @115850 @115821  thanks for the help guys, I have got the package it was left with my neighbor and when I got back from work they gave it to me, I did not have their number so I couldn't make it that courier might leave it with them...",@135354 We're glad to know that! Thanks for writing back to us with the confirmation. :-) ^PR,Language.ENGLISH,259,
219163,219168,219169,@AmazonHelp They have changed more than 3 dates already .,@168268 Sorry about the delay. Could you kindly let us know the revised date? ^NS,Language.ENGLISH,57,
348045,348043,348044,@AmazonHelp The order got delivered yesterday. Thank you for your concern. 🙏 And I love my product. Keep giving us more reasons to smile @115850 ❤😘,@198882 Good to hear our hardwork has come to life. ^SH,Language.ENGLISH,147,
380158,380161,384851,@AmazonHelp You people are so lethargic that u dont even bother to call back..  Where us my packet.  Useless customer care.  No one knows the courier tm,@206175 the details using the secure link provided earlier? (2/2)^AP,Language.ENGLISH,152,
1741894,1741894,1741892,"Godsdamnit! A timer just went off on my @115833 , and Alexa refused to listen when I asked her to stop!",@204794 Oh no! Let's see if we can get Alexa listening to your commands again: https://t.co/ybaJ7bFtyi I hope this helps! ^FD,Language.ENGLISH,103,
2470074,2470074,2470075,@115850 not received refund yet.plz do the needful https://t.co/fNkTi5SgOq,@611315 Sorry for the delay in the refund. I would like to look into the issue. Please fill in your details in this form here: - https://t.co/beaaDm0muc and we'll sort this for you.1/2 ^SC,Language.ENGLISH,74,
235110,235111,348554,"@115850 Hi, Amazon mgmt team pls resolve the grievances of  the customer timely. Pls don't make fool to users.",@198905 I'm sorry your package hasn't been picked yet. May I know if you have reported this to our support 1/2 ^SH,Language.ENGLISH,110,
970611,970597,970598,@AmazonHelp I have already replied on the mail guys...Please reach out to me. I am again sharing my number 9007784117,@350312 Our Twitter page is visible to public. 3/3 ^SB,Language.ENGLISH,117,
331656,331656,331655,@AmazonHelp waited all day for parcel ‘out for delivery’ only for it to be changed a little while ago! Why oh why?,@194978 I'm sorry your item didn't arrive! We'd like to take a look into this with you. Please reach us here: https://t.co/JzP7hlA23B ^KP,Language.ENGLISH,114,
546515,546511,546510,@AmazonHelp Thanks. I could place order today. However i did not get intimation that the issue has been resolved.,@247080 Thanks for keeping us posted. We appreciate the gesture. We do apologize if there has been any miss from our end. ^CB,Language.ENGLISH,113,
814368,814366,814367,#AmazonIndia product purchased: Lenovo K8 Note order number: 171-8449043-3586758,@313951 Please don’t provide your order details as it is personal information. Our Twitter page is visible to the public. ^MS,Language.ENGLISH,80,
232709,232713,232714,"@AmazonHelp but i recd called ,, he told me my order cancelled pls  check and confirm","@171391 Sorry about the hassle, Jay. Please reach out to our support team with the link provided earlier. We will look into it. ^SB",Language.ENGLISH,85,
2161805,2161805,2161804,@115821 y’all really dropped the ball today with my Xbox One X delivery &amp; customer service was near useless. Thank you for letting me waste my evening waiting for something that was not delivered.,@634817 I'm sorry for the frustration! What information or options were we able to provided when you spoke with us? ^LR,Language.ENGLISH,200,
2918688,2918697,2918699,@AmazonHelp There is no tracking number,@807848 That's really weird! We'd like to look into this with you. Please reach out to us via phone or chat here: https://t.co/hApLpMlfHN,Language.ENGLISH,39,
792099,792098,792100,@AmazonHelp Same problem on both Chrome and Safari,@308871 Please reach out to us here so we can have a closer look into this with you: : https://t.co/gAnNMtgE8J ^CL,Language.ENGLISH,50,
796466,796466,796464,@115830 I've had a parcel that's been out for delivery since half 9 this morning and still not here. Day late as well who can help?,"@309919 I'm sorry for the late parcel, Carys! Deliveries occur until 21:00, so please keep us posted. We're here for you! ^FD",Language.ENGLISH,131,
423443,423416,423419,@AmazonHelp Today again same issue arises for delivery. The Courier guy denied to deliver the product today.,@215805 Sorry for the trouble you've had. Have you escalated this to our support here: https://t.co/2t6DQoUmNZ for assistance? ^MM,Language.ENGLISH,108,
2959987,2959987,2959985,Hey @AmazonHelp I'm a Prime member and when trying to sign up for the early Jumanji screening I run into an endless loop of Atom attempting to verify my prime account. Any suggestions?,"@816941 Hey there! With Twitter, we have no access to account or order information. Are you receiving any error messages or tried from a different browser/device? Is this loop occurring on the Atom website? Please, let us know. ^JE",Language.ENGLISH,184,
273852,273852,273851,@115850 your company is a joke. Why give the COD option when your rude delivery boys NEVER have change? Returned the product. #Amazon,@181435 into the issue. 2/2 ^SH,Language.ENGLISH,133,
1483557,1483557,1483555,Ise kehte hai @115850 ka overconfidence https://t.co/xyhSBQ1kLp,@464513 I'm sorry for the delay. May I know if you have reported this to our support team here: https://t.co/RdEYZBwqk7? ^SH,Language.ENGLISH,63,
2503577,2503576,2503578,@AmazonHelp Hello! I've just updated the app and the CC appeared! Happy days 😊  But thank you for your time&amp;fast response https://t.co/RIKa6YhmtH,@714024 Thanks for letting us know the update fixed it! We'll be here if you need anything else! 😁 ^MB,Language.ENGLISH,149,
2893165,2893165,2893164,"@115821 is there a way where i can ask someone if a book is going to be available soon?. i'm missing only one from a collection, and kindle version is not available. thanks in advance.","@801893 Hi Erwin! Which website do you use .com, .co.uk, .in etc? ^AP",Language.ENGLISH,184,
1258967,1258967,1258979,@115850 YOU ARE PATHETIC in terms of service..How can product become undeliverable twice Order no 408-3120841-0125137..CAN U EXPLAIN WHY,@414991 Sorry to know about the delivery issue. This usually doesn't happen. I'd like to have a closer look at the issue. (1/2) ^KA,Language.ENGLISH,136,
2280061,2280060,2280062,@AmazonHelp Omg thankssssss 😭😭,@662844 We're always happy to help! Please don't hesitate to let us know if there's anything else we can do for you! ^GR,Language.ENGLISH,30,
1622212,1622212,1622210,"Hey @115821. Thanks for the surprise addition to my order. Unfortunately, it was a gift package for my 12-year-old nephew. #awkward https://t.co/a5AQWpRltL",@497033 Sorry to see this - pls contact us so we can assist :  https://t.co/JzP7hlA23B  ^TD,Language.ENGLISH,155,
940891,940886,940884,@AmazonHelp I typed the delivery address in wrong. Was told by fedex via amazon customer service that delivery would happen today. That wasn't true.,@296457 I'm sorry the order hasn't been delivered! What's the most recent tracking update on the order: https://t.co/Y5jpI9gRhE? ^EP,Language.ENGLISH,148,
2426025,2426025,2426024,"@AmazonHelp I bought a PS4 version of game and was meant to buy Xbox one, anyway to exchange?",@696646 If the item is not in the shipping phase you can cancel the item. You can check the status here: https://t.co/Y5jpI9gRhE Keep us updated! ^LS,Language.ENGLISH,93,
713328,713338,713339,@AmazonHelp I have given feedback many times. I am angry about the response I receive. One month of prime does not make up for deception by employees.,@290616 I'd like a member of our team to look into this for you. Please provide all the details you can here: https://t.co/7dMzwzMrjD ^JN,Language.ENGLISH,150,
1054054,1054052,1054050,"@AmazonHelp No safe place is set, usually parcels go to our neighbours houses",@369044 I recommend setting up a safe place so we can avoid these types of deliveries moving forward. ^EZ,Language.ENGLISH,77,
1321097,1321097,1321095,@115830 is this email legit? https://t.co/jRLTuh7QdN,"@428461 Hi, here's more info about phishing: http:https://t.co/szbmOSyVzs. Don't use the links in the emails if you're unsure. ^JJ",Language.ENGLISH,52,
858787,858787,858786,Hey @AmazonHelp @115850 stop sending disgusting people for delivery who can't even talk properly to customers.,"@323904 Sorry for the hassle. We've responded to your query via DM, please check.^HN",Language.ENGLISH,110,
411447,411447,411448,@115786 @115821 how to access Amazon prime video on Xbox one,"@213144 You can watch Prime Video on 2015 and 2016 smart TVs from Samsung, Sony, and LG. We don't (1/2) ^HD",Language.ENGLISH,60,
269853,269853,269851,@AmazonHelp this tracker says it is supposed to arrive today but its 9:30 pm ! https://t.co/rNh8rxeGQo,@180364 Thanks for reaching out. Who's the carrier set to deliver your order: https://t.co/RYDC8N2UNg? ^GG,Language.ENGLISH,102,
2457743,2457741,2457740,"@AmazonHelp I’ve emailed twice(no response), used chat and now tweeted. 240 characters isn’t long enough or worth anymore of my time. So maybe get someone to respond to my email.","@703946 Hi Kelly, we wouldn't have access to that here to check that for you. When you contacted us on chat what were you advised? ^SA",Language.ENGLISH,178,
1298987,1298986,1298988,@AmazonHelp 1. My name ain’t John. 2. It still says by 9PM tonight but it was supposed to be delivered yesterday and wasn’t! So a replacement was sent,"@412761 I'm sorry for the wait, Josh. Which carrier is assigned for delivery? Please let us know if it's not delivered by 9:00p.m. ^MV",Language.ENGLISH,150,
2618078,2618076,2618074,@AmazonHelp A Hot Deal Zone,"@708128 Disculpa Blake, ¿es este el nombre del vendedor del producto? ^ES",Language.ENGLISH,27,
855980,855980,855977,@AmazonHelp UPS tried to deliver my package today but no one was home to sign. Next avail delivery is Mon but I need it tomorrow. Help?,@217608 I'm sorry to hear this! Have you tried reaching out to UPS directly to see if they have a pickup option available? ^KP,Language.ENGLISH,135,
1416438,1416438,1416436,"@AmazonHelp dear Amazon, you need to seriously rethink your Amazon Shipping service. I did not receive much needed food for my dog today 1/",@200256 I'm sorry you haven't received your order. Who is the carrier? You can find that info here: https://t.co/Y5jpI9gRhE ^FJ,Language.ENGLISH,139,
224808,224802,224800,@AmazonHelp I am so so happy I got an invitation this morning going to order it now.Oh I am so happy.I am getting #AmazonAlexa #AmazonEcho 🤗🤗,@169711 Way to go! Echo has chosen you. B) ^MJ,Language.ENGLISH,141,
1125187,1125187,1125186,@115821 unbelievable amazon have cancelled my order without telling me. Waited a week for a prime item that’s still advertised on their website. I’m fuming going to seek advice,@385275 I am sorry to hear this Caroline. Can I ask have you received an email update that would advise you the reason for this delay please? Can you please check your spam/junk folder as it may have been directed there.^GA,Language.ENGLISH,176,
1271155,1271145,1271143,"@115850 Nobody came to collect so even complained about it.. but still no response..
Please do something",@417611 I’d like to help you on this; please fill this form: https://t.co/beaaDm0muc and I’ll contact you soon. ^SY,Language.ENGLISH,104,
1605126,1605126,1605124,The @191352 app on my @115821 fire stick better start working ASAP!!! Fucking bullshit.,@492398 Oh no! Have you tried some of our troubleshooting tips? You can find them here: https://t.co/oYzz52iT09  ^BA,Language.ENGLISH,87,
108243,108243,108242,@AmazonHelp Hi. I had a notification today saying my parcel had arrived but I haven’t got it.,@140025 I'm sorry you haven't received your order. Here are some tips to help you locate your order: https://t.co/xvtUDSdExC^CO,Language.ENGLISH,93,
2616383,2616382,2616384,"@AmazonHelp Just double checked, nothing :(",@739519 Strange. Have you tried contacting by phone or chat? ^PK,Language.ENGLISH,43,
595620,595620,595618,Fourth time where I ordered a “Prime eligible” product from @115821 and it doesn’t show up within 2 days.,"@261138 Thank you for reaching out to us via Twitter today! I understand your frustration! Two-day shipping refers to transit time, in business days, once the order ships out. Have we missed the original delivery date given in your confirmation e-mail? ^AR",Language.ENGLISH,105,
73577,73577,73576,@115850 worst seller performance service.,@132118 I get you being upset. We've responded to your concern here: https://t.co/Z8LWAZmtLe. We request you to check and do the needful. ^HS,Language.ENGLISH,41,
1127992,1127994,1127995,@AmazonHelp So my humble request is nothing for you. U have loosing a genuine customer. Because a large no. of product I have purchased from you earlier,@385936 I get that you're upset. Request you to connect with our support team here: https://t.co/vlvfJr4nN9 and it'll be sorted. ^SK,Language.ENGLISH,152,
1368945,1368944,1368946,@AmazonHelp Thanks I had it resolved 10 minutes after you sent that.,@322955 Good to hear! Thanks for the update. ^TS,Language.ENGLISH,68,
2830662,2830662,2830661,So @115821 has that “buy now” button and Ruy freaking “accidentally” bought some stupid shit for his truck and it charged to my card!!😂😡😭 https://t.co/Ie0fh53Jsr,"@788214 Oh goodness, Alondra! I'm sorry to hear about this. If you would like to cancel the order, you can see if you are able to here: https://t.co/xAY3O5UIiG. I hope this helps! ^VR",Language.ENGLISH,161,
2471704,2471703,2471705,"@AmazonHelp No the parcel hasn't arrived yet, I would like it to go into my safe space so I can get it when I am home tomorrow evening without bothering my neighbours","@706890 Hi Mark, if you can contact us at the link Joshua sent you we can take a look at what options we have available. Unfortunately we are unable to access your account via Twitter ^MI",Language.ENGLISH,166,
968094,968093,968095,"@AmazonHelp How can Mrp differ 
Discount may vary","@349805 As informed earlier we constantly receive new data from our suppliers, our prices regularly change. ^SC",Language.ENGLISH,49,
180161,180161,180160,"@115850 My logitech x50 bluetooth speaker tracking id 203111266741,neither delivered at time nor showing tracking details.","@158392 Hi, sorry about that. We'd like to help. Kindly report this to our support team here: https://t.co/rS49hgaADF ^AK (1/2)",Language.ENGLISH,122,
1668375,1668375,1668373,"@AmazonHelp team I am fed up dealing an issue with our support team on emails, handling of my case was just ridiculous",@508085 Could you please tell us more about your concern? We'd like to assist you with it. ^AM,Language.ENGLISH,118,
205985,205985,205986,@AmazonHelp  order id  #4__credit_card__ cancelled it but it is on the way as per status on app. When will I get my refund?,@164790 The refund for a canceled order is issued within 24 hours from the request of cancellation. 1/2 ^AP,Language.ENGLISH,123,
792671,792671,792670,@AmazonHelp just i have received call your representative they talked we will arrange delivery tomorrow..??what is prime membership.??bravo https://t.co/DleS3T9hJx,@294362 Apologies. We'd like to check this for you. Please drop your details here: https://t.co/qYecSu6AYe. ^RB,Language.ENGLISH,163,
2167780,2167780,2167779,1) Seller refusing delivery to the address which is deliverable and several products already deliver by Amazon @AmazonHelp @115850,@636106 Kindly reach out to our support team here: https://t.co/HQhpS2qeEd and we'll definitely look into it. 2/2 ^PS,Language.ENGLISH,130,
2758941,2758945,2758946,@AmazonHelp It did not. Tracking info said it hadn’t moved since yesterday. I put my phone number and twitter handle in the link provided yes.,"@772020 Thanks for the update. Please keep us posted on the arrival of your package. If it doesn't arrive on the new estimated delivery date, don't hesitate to get back to us. ^LH",Language.ENGLISH,142,
565878,565878,565877,@AmazonHelp I'm trying to unsubscribe but any time I try it give me this msg. My email is __email__ thanks https://t.co/h8I3bC7TiU,@252637 I'm sorry for the trouble! We're unable to access your account through Twitter. Please reach us by phone or chat and we'll be happy to help: https://t.co/hApLpMlfHN! ^LR,Language.ENGLISH,130,
658850,658856,2093826,@116618 When is amazon video is out?,@618670 We’re working on it now and expect it later this year. We don’t have any specifics to share regarding a date. ^CS,Language.ENGLISH,36,
971762,971762,971763,@115850 Again bad experience .Its about ordno 408-1798023-9355553. trying to cancel or changing the address but not able to do. plz conact,"@350526 Apologies for the bad experience you had, we certainly did not expect this to happen. 1/3 ^PS",Language.ENGLISH,138,
648481,648478,648476,@AmazonHelp Someone has changed my delivery from my home address to a pick up location. I don't understand why you allow that to happen,"@274101 I'm sorry to hear about this! Before the delivery address was changed, did you receive any kind of tracking update about an attempted delivery at your home address? ^TH",Language.ENGLISH,135,
485232,485232,485231,"@AmazonHelp Worst customer service. My email was changed, but nothing could be done because I don't have access to the email it was changed to. What is support even for? Guess I'll just wait 24-48 hours while my credit cards are on an account SOMEONE ELSE has access to!","@230449 Oh no! Sorry about your account. Which amazon website do you use, .com, .co.uk, .IN etc? ^AP",Language.ENGLISH,270,
47953,47953,47952,@115850 Why is the Indian Amazon Echo skill set limited? Ewelink is not showing up in the skill set!,@126724 I understand your concern. I've noted your comments and have forwarded your feedback internally. ^MO,Language.ENGLISH,100,
1715331,1715331,1715322,@115850 paid the price of being a prime member.im sad and disappointed by the way they handled my issue.left me completely helpless.,@373962 elaborate your concern here for better understanding. ^RW 2/2,Language.ENGLISH,132,
2549033,2549033,2549031,"@AmazonHelp if you are unable to return my Amazon pay balance then please delete my account and settle my dues.
#WorstExperience","@724279 digital items on Amazon.in. Please reach out to us, here: https://t.co/vlvfJr4nN9 for any issues. (2/2)^YP",Language.ENGLISH,128,
2176723,2176723,2176722,@AmazonHelp I ordered the Elgato green screen it’s meant to be arriving on the 25th and we noticed that the order was cancelled not by us. I was wondering if you know anything about it as it’s saying currently unavailable and your not sure if or when it’s coming back in stock,"@242497 Hi, sorry to heart that. Is there more info available when you check the order here: https://t.co/aaDyEz1VgE? ^JJ",Language.ENGLISH,276,
1622295,1622294,1622296,"@AmazonHelp That's a quick reply. I am sure you can figure that one out. 🧐 Btw I have received a msg (""again"") stating delivery will be done ""today"". 😬",@497044 We'll not be able to view your order details via Twitter. I'm sure the package will be delivered. Do keep us posted. ^MM,Language.ENGLISH,151,
880032,880032,880031,@AmazonHelp I got an email saying I won one of the Mobile Masters gift cards and replied with my account email but haven't been credited,"@328926 Thanks for reaching out! Just to clarify, is this regarding the Mobile Masters game? Please let us know! ^KJ",Language.ENGLISH,136,
1430069,1430069,1430067,"@AmazonHelp hello, after charing my card, Amazon says credit card is declined, even though the amount is charged and withdrawn?",@452124 I would advise checking with the bank first to make sure the funds have been taken. ^KM,Language.ENGLISH,127,
970627,970625,970628,@AmazonHelp No just very soggy and spread around the garden.,@350313 We do apologize for this. We certainly do not wish to see this occur again. Please do let us know if we can help future.^CR,Language.ENGLISH,60,
2777373,2777370,2777371,@AmazonHelp No I'm not able to play it and yes that is where i am getting the error,"@775971 In this case, can you reach out to us here via phone or chat for live troubleshooting?  https://t.co/hApLpMlfHN ^GS",Language.ENGLISH,83,
2708440,2708436,2708434,@AmazonHelp Si 🤓,"@760574 ¿Logras ver los detalles del pedido en ""Mis Pedidos""? ^JQ",Language.ENGLISH,16,
2049826,2049826,2049824,My amazon packages been out for delivery since 8am ?¿,@606168 Deliveries may take until 8:00PM; have we missed the delivery date for this order: https://t.co/vazQdmZPNp? ^WM,Language.ENGLISH,53,
1364751,1364751,1364750,@AmazonHelp are you guys tryna prove flipkart is best for India by disappointing us alot with ur services?,@437751 That's quite a remark. Were any of your issues left unaddressed? Do let us know and we'll be glad to help you. ^SQ,Language.ENGLISH,106,
5159,2880447,2880445,@115850 @132995 Sir one plus 5 ka sath koi exchange offer hai.,@799334 We've exchange offer available for Oneplus 5T. Please note that exchange is not available for all pin codes and phone models. For more details kindly check this link: https://t.co/7WtSqBkgr3 ^SY,Language.ENGLISH,62,
600256,600253,600252,@AmazonHelp No response for calls. Very much unsatisfied. Didn't expect it from Amazon,@262356 We regret seeing you disappointed. Write to us here: https://t.co/GIJyeYqKE0 &amp; we'll check this for you. ^MJ,Language.ENGLISH,86,
1319919,1319919,1319917,"How can something that costs $65 be Rs. 30 k on @115850 
When the best hit India they turn to defecation. @115821","@428207 Could you please elaborate your concern, Anand? ^AP",Language.ENGLISH,113,
1560573,1560572,1560574,"@AmazonHelp On the way. Last update was Tuesday 31st. Ridgmont, Bedfordshire, UK",@352824 Sorry to hear about this. Please reach out to us here: https://t.co/JzP7hlA23B and we can look into this. ^PK,Language.ENGLISH,80,
181119,181117,181118,@115850 @144775 @120320 It is same as before and after sell it would be still same ... I m sure about it,@158538 Pricing and offers are decision of the sellers. The constantly changing marketplace and our efforts to offer you(1/2)^HR,Language.ENGLISH,104,
2932823,2932823,2932820,"@118919 28 November 2017 10:21:39 AM RAM SAHU : i applied exchange order but lumia 1320 is not available in exchange offer
28 November 2017 10:21:57 AM RAM SAHU : but mi no. excepted 
28 November 2017 10:22:04 AM RAM SAHU : so please tell me",@126359 We have responded to your query through DM. Please check and share in your details in the link provided and we will get in touch with you. ^AH,Language.ENGLISH,241,
2939191,2939193,2939194,@AmazonHelp Have done the same. Hope to get my cashback at the earliest,@812377 Thanks for sharing your details. Once we receive them we'll reach out accordingly. ^RB,Language.ENGLISH,71,
2544985,2544985,2544984,"@115830 my £200 PlayStation has been ""delivered to a neighbour"" but it hasn't. It is missing. The neighbour knows nothing about it. Send me another one to the correct address!!??","@723395 I'm sorry the order hasn't been located! We can help take a closer look at the order and into options. When you have time, we're available here: https://t.co/JzP7hlA23B ^EP",Language.ENGLISH,178,
63890,63874,63872,@AmazonHelp But no-one can give me a revised delivery date.... that is all I wanted to know!,@130675 Did we inform if the item was out of stock?^PJ,Language.ENGLISH,92,
652141,652141,652140,@8809 @115821 my package arrived damaged? https://t.co/0G2AQRumOq,@275073 I'm so sorry your item arrived damaged! Please check here for any convenient return options: https://t.co/I2BPiO84gb ^HS,Language.ENGLISH,65,
574964,574963,574965,@AmazonHelp @115850 @115821 but there is no option to write a review for echo products. Why is it disabled?,@255264 I've checked and seen that the review option is available and isn't disabled. Kindly try using the option after clearing your cache and cookies for the browser. ^AP,Language.ENGLISH,107,
235138,235138,235137,"Regular Price 1199, Lighting deal 1198
Rey,  @115850 entra ee pappalo dealsuu😒 https://t.co/HbnN8lxulq","@171999 you the lowest price, may result in fluctuations in our prices over time. ^SG(2/2)",Language.ENGLISH,102,
1282225,1282222,1282220,@AmazonHelp Sorry I should have said the elite trooper edition x,"@419981 We don't have any information about the availability of Battlefront 2. Please use the ""E-mail me"" function for alerts. ^MJ",Language.ENGLISH,64,
1042352,1042352,1042351,"@115850 bought Philips Trimmer received a used niva trimmer , what to do , I'm a prime member, First time it is a worst experience",@366444 I'm sorry about the situation. Kindly connect with us here: https://t.co/vlvfJr4nN9 we'd like to help.^SG,Language.ENGLISH,130,
2877083,2877086,2877087,@AmazonHelp 2 out of my last 3 orders have this same notification https://t.co/HGcPrhoAop,"@798650 Hmm, that's odd.  We don't have access to accounts via Twitter. Please reach out to us here so that we can take a closer look into the tracking details: https://t.co/hApLpMlfHN ^EA",Language.ENGLISH,89,
1159101,1159103,1159104,@AmazonHelp I just tried that and still doesn't work ;-; It was for testing ssssshhhh,@392671 We'd be happy to look into this with you. Please reach out directly to us here: https://t.co/hApLpMlfHN ^JA,Language.ENGLISH,85,
1416572,1416570,1416569,"@AmazonHelp No, I don’t. I see that I can now watch it where I bought it but not on my other tv.",@449227 Is the other TV registered to this account for Amazon Video? Check your registered devices here: https://t.co/Fcz28xtYBG ^MJ,Language.ENGLISH,96,
400318,400318,400317,I've ordered a Samsung Galaxy A9 pro few days ago and it was stated to be delivered today.. @115821.com @AmazonHelp @115850,@210665 Apologies for the delay in delivering your order. Please share your details here: https://t.co/cllwXc2HeK I'll assist. ^SV,Language.ENGLISH,123,
2549845,2549844,2549846,"@AmazonHelp I'm using an iPhone 6. It doesn't really say anything, I just can't find the photos in the gallery after I upload","@499262 Try logging out or your account, clear cache and cookies, then log back in. See if that works. If not, let us know. ^EM",Language.ENGLISH,125,
778899,778899,778898,"@AmazonHelp How long does it take for an order of in-stock items to ship, generally? I've been waiting for about a week, still prepping.",@306017 We aim to meet the delivery date provided in your order confirmation e-mail: https://t.co/2HdMRjNTCm. Has this changed? ^CL,Language.ENGLISH,136,
1196752,1196746,1196747,@AmazonHelp UPS,@254519 Is there any tracking available? Does it say if it has dispatched? ^PK,Language.ENGLISH,15,
2691725,2691725,2691723,@115821 can you guys pls tell me how a single product can be listed at a difference of 3X  price with two different sellers ..?? M kind of confused https://t.co/f3LhDjp7En,@756662 The prices on our website are determined by our sellers. And we keep updating our prices as per the data we receive from our sellers. You may also visit this link: https://t.co/yQb39uNRsX for more information. ^MK,Language.ENGLISH,171,
887988,887986,887989,"@AmazonHelp Yes, checked it online first but there was no status update for 2 days and it's way past the guaranteed delivery date.",@330845 I apologize for the delay. Who's the carrier shown here: https://t.co/Y5jpI9gRhE ^AG,Language.ENGLISH,130,
1559324,1559324,1559325,"@115850 kindly explain why delivery of a product is taking 7 days even though I am a Prime member? Doesn't feel very ""Prime"", to be honest","@481874 Prime delivery benefits depend upon inventory availability, order deadlines and several other factors. (1/2) ^MO",Language.ENGLISH,138,
132471,132471,132470,@115823 can i pay my postpaid bills through amezon pay,@145885 Please refer here: https://t.co/dA5wWFcBOY for information on services were Amazon Pay can be used. ^AP,Language.ENGLISH,54,
297946,297946,297945,@115821 Why was a package I ordered from you delivered to a vacant house down the street? USPS mail carrier let me know.,"@186979 I'm so sorry for this experience, Jaquline! When you get a chance please reach out to us here: https://t.co/hApLpMlfHN ^HM",Language.ENGLISH,120,
1625061,1625061,1625060,"Both my orders #theboywithabrokenheart &amp; #ahundredlittleflames delayed by 15-20 days....:(

@3709 
@66136 
@115850",@497678 team here : https://t.co/rS49hgaADF so that we can assist you accordingly. (2/2) ^SS,Language.ENGLISH,118,
234205,927488,927490,"@AmazonHelp Order Number 405-1215031-3642735
If you still can't do anything, that's more than what I have come to expect from you","@171760 We'd like to help you with the concern, please share the details from the link provided earlier &amp; we'd get back to you. ^BS",Language.ENGLISH,129,
1434013,1434013,1434012,@AmazonHelp Not sure what is going on but my last few orders have been delayed or lost. Your shipping has become really bad.,"@452958 I'm so sorry to hear that, Caleb! Do you know the carrier for those orders? You can find that here: https://t.co/Y5jpI9gRhE ^TH",Language.ENGLISH,124,
352599,352599,352598,"Guys plz be careful wn U order 4m amazon.have ordered a product &amp; received Stones in it,wn cld customrCre no response @115850 @AmazonHelp https://t.co/uiMSMwts5w","@199577 Apologies, I request you to please share the details here: https://t.co/cQVomR1pWz and we'll get back to you soon. ^SK",Language.ENGLISH,165,
2320473,2320481,2355249,@7092 @115850 @115851 I'm not re-order this product. You will delivered this product how that's your problem,@672512 Our team is working on the issue. Request you to wait and our team will contact you soon. ^GD,Language.ENGLISH,108,
2562096,2562095,2562097,@AmazonHelp The order was delivered on November 3 but only until today I was able to open it.  Items with the red number are lost. https://t.co/8IwGRmBdsy,"@727114 It looks like some of these were sold by us, and some by other sellers. We'd be happy to sort this out with you here: https://t.co/EKXRLsnxJu ^AF",Language.ENGLISH,154,
922263,922263,922264,"#AmazonGreatIndianFestival
@115850 is nt delivering fridge to my postal address.
What kind of sale is this?
i wanted to give surprise.","@338936 Due to certain courier constraints and restrictions, delivery to some pincodes is unavailable. We are (1/2)^SQ",Language.ENGLISH,134,
1010791,1010791,1010790,OK @115821 @AmazonHelp let's hope this gets here in time. Been burned several times from your delivery service. https://t.co/YkhUDWpICI,@359187 We want to make sure you get your order. Please let us know if it doesn't arrive by 9 pm. ^CL,Language.ENGLISH,135,
1408147,1408146,1408148,@AmazonHelp So now I have memorize the page number..thank you for helping me to improve my memory ..! Love ❤,@447299 are added for the future orders. #Happy reading :) 2/2 ^PR,Language.ENGLISH,108,
1261851,1261862,1261863,@AmazonHelp Okay. I will take care next time. Sorry.,@219760 Thank you for understanding. Our team will contact you with a resolution at the earliest. ^GU,Language.ENGLISH,52,
2536377,2536377,2536375,@115821 Hey! Do you have a FREE shipping on orders over $25.00 for Kazakhstan? :),"@721546 Hello Radmir, unfortunately this is not available for the designated country you mentioned but I will submit your feedback regarding this. You can find more info on free shipping here: https://t.co/MnQJCQnwzo. Thanks. ^GA",Language.ENGLISH,81,
319176,319178,319179,@AmazonHelp Sure thing.,@192127 Fist bump! ^HA,Language.ENGLISH,23,
877695,877693,877692,@AmazonHelp This doesn't help! Apparently it's been delivered and signed for by someone who doesn't even work at my work?,@328353 Oh no! Allow us to take a closer look at the account with you here: https://t.co/JzP7hlA23B ^QJ,Language.ENGLISH,121,
1155456,1155455,1155457,@AmazonHelp I sent the requested info via that link and I mentioned it for better support which I am not getting from Amazon at all.,@391812 Thanks for sharing the details. Our team will get back to you shortly. Appreciate your patience.^HS,Language.ENGLISH,132,
779881,779866,779868,@AmazonHelp I hope it does not come to cancelling the order and initiating a refund (like that is some favor!) when u say closing the issue at earliest,@306221 We'll email correspondence to your registered email ID with updates soon. We always strive to provide the best resolution. ^GS,Language.ENGLISH,151,
779509,779509,779507,@115850 where is my order? Even prime members have to wait for a week in metro cities! Not happy.,@125400 Sorry for the trouble with your order. Certainly not intended. Kindly connect with us here: https://t.co/R3EfhzgU8B. ^PS,Language.ENGLISH,97,
669705,669703,669702,@AmazonHelp Why are you so unwilling to help me https://t.co/vb4UsZEp7d,"@279731 Oh no! I'm so sorry for the poor customer service experience, Kyle! This is not what we strive for our customer's. Unfortunately we currently don't have Amazon fresh chat support. If you have a moment reach us by phone here; https://t.co/hApLpMlfHN. Keep us posted. ^LH",Language.ENGLISH,71,
2829502,2829502,2829501,"Amazon, you let me down. I needed me book for school today and you said it would be here yesterday",@787943 Oh I'm so sorry about that. What happened yesterday? Did it not go out for delivery? What's the current status: https://t.co/aaDyEz1VgE?^MA,Language.ENGLISH,98,
1148269,1148271,1148272,"@AmazonHelp Indeed it is.  @2150.  I am a Miami area customer.  If USPS used, np.  Anything from @2150 is lost or delayed.",@390233 We'd like to document your experience and look into your options. Please contact us here: https://t.co/EKXRLsnxJu ^AF,Language.ENGLISH,122,
1081408,1081390,1081392,@AmazonHelp Hi @115821 @AmazonHelp @115850 should I take this consumer rights... As I am not getting any response from @122596  this is frustrating,@375097 manufacturer. Appreciate your understanding. 2/2 ^AP,Language.ENGLISH,147,
2291420,2291420,2291418,"@115850 order cancelled on 4th. Called 4 times, yet to get the refund.","@665514 I'm sorry to know this. We'd like to help, kindly share your details here: https://t.co/GIJyeYqKE0, we'll contact shortly. ^MP",Language.ENGLISH,70,
971746,973581,973579,@AmazonHelp U must return my 34500 1st den wud order again &amp; don't charge me more Rs 1000 on d price I Ordered on 21 Oct 2017 Order# 407-3009023-2101957,"@350524 We won't be able to access your details from twitter, could you please confirm if you've shared your details in the link? ^AG",Language.ENGLISH,156,
928358,928358,928357,@115821 I order only 1 product on Amazon on 15th October now today is 21st October still I didn't get the order..... wtf,"@340275 That's strange, Rahul. Did we miss the order estimates? ^NK",Language.ENGLISH,120,
1006601,1006601,1006600,"@AmazonHelp I am being charged twice for the same book rental,what do i need to do to fix this?","@238165 Apologies - is this for a Textbook Rental ? If so, please check here: https://t.co/vjvwjGhGa8  ^TD",Language.ENGLISH,95,
2722181,2722181,2722180,All I want is a full refund in my account for something that I am returning (Unopened package) @AmazonHelp I've done it before &amp; the rep is just going on about giving me hard time on a Full refund. I shouldn't have to sit here for this long.,@763723 Has the package already been returned to our facility? ^BT,Language.ENGLISH,245,
133883,133860,133859,"@AmazonHelp I think I have already mentioned that I have not received any email from you recently on my registered email ID. You guys are pathetic, the order is canclld long time back and I am still yet to receive my money back after 2 months. @115851 @AmazonHelp @115821 this is harassing",@146160 Kindly reply to the latest email you've received from the Social Media team with your concern so that we can work on it and get back to you with an update. ^AU,Language.ENGLISH,289,
225334,225333,225335,"@AmazonHelp On the app, I just see a download sample button and not a purchase now (I have one click enabled)",@169831 Which site are you using? Is it https://t.co/ykTUEmdsQA or https://t.co/nUUp5MLhYl ? We will certainly try to help.^CR,Language.ENGLISH,109,
343787,343787,343786,Yo @amazonhelp Done w/ U no one takes the time to listen to me &amp; same problems persists #deleteyouraccount 22 new items appeared in my cart,"@197808 I'm sorry for the poor experience. When you spoke with us, what insight or options did we provide? ^CO",Language.ENGLISH,143,
2229044,2229044,2229042,@115821 Your new delivery system fails to deliver on time.  No longer honest or reliable.,@646519 We'd like to look into this. Please pass your order details to us here: https://t.co/okusjaZ2hT ^RR,Language.ENGLISH,89,
232881,232880,232883,@AmazonHelp Ref to order 408-2997439-0864351 a very forgetful experience. The mobile purchase under exchange but denied exchange on false ground.,"@171436 Sorry for the bad experience, I'd like to take a look into this, please fill this form here: https://t.co/GIJyeYqKE0. 1/2 ^PS",Language.ENGLISH,145,
1284568,1284567,1284569,"@AmazonHelp Already did that and sent an email, is there a change I can get actual help? I have the card number","@420483 I'm sorry but, we cannot access your account over social media. Please reach out via chat or phone via the link provided. ^AR",Language.ENGLISH,111,
1252014,1252014,1252015,"@115821 I ordered ""the alchemist""But it is saying delivered to me even before I actually got delivered.This is just befooling customers.",@413693 Kindly report this to our support team here: https://t.co/R3EfhzgU8B. We'll definitely look into it. 2/2 ^PS,Language.ENGLISH,136,
1529906,1529902,1529900,@AmazonHelp It is a mini iPad 3rd generation,@472339 We need a little more info to help! Was the item shipped by a seller? That info can be found here: https://t.co/Y5jpI9gRhE ^HM,Language.ENGLISH,44,
2102197,2102196,2102198,@AmazonHelp @115850: U won d heart once again. Just got an early delivery before the requested time. U nailed it. U are Super !! Happy Diwali Amazon.,"@620818 We used the fastest Diwali rocket we had to deliver this order, glad to know it went through the hearts :P #happydiwali ^MJ",Language.ENGLISH,149,
2025516,2025516,2025515,Hey @115821 do you ship with anyone else besides @115817 ? Fed up with lost deliveries!,"@570436 We're sorry for the experience you've had. Has this been a recurring issue? If so, contact us here: https://t.co/Q7Ftz6nj80 ^WM",Language.ENGLISH,87,
1222617,1222617,1222614,@AmazonHelp hello really need your help my account ha been locked!!,@406888 on how to regain access to your account? Be sure to also check your junk and spam folders. ^HC (2/2),Language.ENGLISH,67,
2686416,2686412,2686414,"@AmazonHelp The question still remains unanswered, why sent it to Indore MP? 🤔","@661303 I understand your concern, Anuj. The tracking is updated as per the logistics plan. However, be assured the product will be delivered as the delivery date provided. Appreciate your understanding. ^GD",Language.ENGLISH,78,
553369,553368,553370,@AmazonHelp Tried everything before with no luck - so frustrating 😩,@249055 We'd like to take a closer look into this with you. Please contact us via phone or chat: https://t.co/JzP7hlA23B ^KB,Language.ENGLISH,67,
1710589,1710586,1710584,@AmazonHelp Available to pre-order on the site. Could you confirm if you have stock/will have any this week?,"@518215 Hi Marta, did you confirm if you received an email confirmation about the purchase? ^MB",Language.ENGLISH,108,
1868891,1868894,1868900,@115850 If I have to make a payment I won’t prefer amazon pay next time. Seriously 😐 the other website will wait for amount to get loaded.,"@558229 I'm sorry for the trouble in adding Amazon Pay Balance, did you have a word with our support team 1/2 ^MJ",Language.ENGLISH,138,
140898,140898,140897,"@AmazonHelp @115830 Received a parcel today with a £15 Amazon gift card in with it, why is this? A giveaway I didn't know about? Haha!","@147794 Hi, did you receive the gift card with your order or was this on its own? Could it have been a gift? ^ES",Language.ENGLISH,134,
2834173,2834166,2834164,"@AmazonHelp Why I have to cancel or mamage? If I haven't requested it for such service, this is second time it happened. I have removed all my cards from wallet as it looks scary. This is very pathetic.","@788962 Hey Bhushan. Apologies again. To find out where the charge originated from, please reach out - https://t.co/hApLpMlfHN we'll be happy to investigate. ^TP",Language.ENGLISH,202,
2346256,2346256,2346255,"@115850 i am a prime member, u need to update your stuff on regular basis. Not much to browse through. #amazonprimemovies",@313588 I understand your concern. We will continue to add new content. Keep checking https://t.co/FYM9PIZOR8 where we highlight the latest movies and TV shows we have available. ^MO,Language.ENGLISH,121,
985158,985160,985161,@AmazonHelp Done!,@353507 If you've shared your details our team will reach out to you soon. Appreciate your understanding. ^HD,Language.ENGLISH,17,
1000981,1000981,1000979,"@115850 @AmazonHelp So many Quiz have PPL taken part in,But I never Saw The Winners List4AmazonPay. Is it Fake Contests #AmazonPayAppQuiz",@356980 I'm sorry to hear this. All the promotions on Amazon are 100% genuine. The winners of Amazon Pay app quiz will be ^VN (1/2),Language.ENGLISH,137,
275136,275136,275134,Right @115830 I ordered through you cos you guaranteed arrival 5th Oct...&amp; NOW.. you tell me its not arriving till 11th!?! Furious! WHY???,"@181735 Sorry to hear that, were you given a reason for the delay? What shipment method did you choose? ^AS",Language.ENGLISH,142,
331987,331988,331990,@AmazonHelp My account id is:__email__,"@195054 Please don't provide your order details, we consider it personal information. Our Twitter page is visible to public. ^ZH",Language.ENGLISH,38,
323698,323699,323700,@AmazonHelp @115821 @115850 Ain't I suppose to receive the parcels 1st and then the confirmations. Tried calling the delivery guys number too but it's not reachable 😡,@193101 Allow our support team to look into this. You can connect with us here: https://t.co/R3EfhzgU8B ^CB.,Language.ENGLISH,166,
1073271,1073270,1073272,"@AmazonHelp Well I appreciate the prompt reply. But do you have excuse for not having season 7 which is already out.?

Hoping for another prompt reply.","@245673 We don't have any announcement on this yet, do stay tuned to our website for further updates. ^SQ",Language.ENGLISH,151,
73543,74602,74603,"@AmazonHelp @115850 @115821 so as per your help team, if a seller packs trash and sends to a customer then it's fine and he is not liable. As long as the packaging is good and product is received in tact, the customer is at risk of receiving trash. Pathetic customer service.",@132443 I understand your point. I request you to please reply to the email you've received stating the same and we'll assist you accordingly. ^NR,Language.ENGLISH,275,
1675556,1675556,1675555,@AmazonHelp hello! An order delivered to an amazon locker is showing that it's been delivered but also that it's been delayed. Any ideas?,@509768 Hello! What does the latest tracking update state: https://t.co/aaDyEz1VgE? Has an e-mail been sent with your pickup code? ^AB,Language.ENGLISH,137,
95352,95348,95350,"@AmazonHelp No luckily, as they are Xmas prezzies! And my driveway is wide open so the bins are not concealed! Second time now, tho last time they were put in the bin!","@136734 I'm glad to hear your items aren't damaged, Samantha! Do you have a designated safe place? You can learn more about setting unattended delivery preferences here: https://t.co/0dJTLZcOYt ^SW",Language.ENGLISH,167,
1623533,1623532,1623534,"@AmazonHelp I have contacted @115821 .. always saying they'll sort it, four days late is too late @amazonhelp","@497320 When you spoke with us, what information or options were offered? ^SA",Language.ENGLISH,109,
2033263,2033263,2033262,Is this your carrier @AmazonHelp https://t.co/FhYAb455Wo,@565694 It sure is! We'd like to look into this for you. Can you please provide your order details here: https://t.co/0NRsRBtGng? ^ST,Language.ENGLISH,56,
1667770,1667770,1667768,@115830 delivery system is worst of the worst. Is that because I'm not a prime member so you kept on delay my order? 6times within 7days,@472340 Hi Rebecca- Sorry to hear about your delayed order. Is the delay in dispatch or is the delay with the carrier? ^NV,Language.ENGLISH,136,
1421266,1421235,1421237,@AmazonHelp I AM NOT DOING ANYTHING ELSE!! its time for u guys to either give me an update by tomorrow or face the lawsuit!! I AM FED UP!!,@450380 details here: https://t.co/GIJyeY99fq &amp; we'll get in touch with you. (2/2)^BS,Language.ENGLISH,138,
1506915,1506915,1506914,I swear every time I order from Amazon now it fucks up and they can't deliver my package,"@469741 This certainly isn't what we like to hear! Without giving any personal info, will you tell us more about what happened? ^HC",Language.ENGLISH,88,
2538950,2538938,2538940,@AmazonHelp Tried this and now got this email - how is my account non existent I ordered from you on Saturday https://t.co/oJDtuvTfG4,@722081 Have you tried logging in on https://t.co/nUUp5MLhYl with your details? ^CN,Language.ENGLISH,133,
983310,983308,983307,"@AmazonHelp A little difficult, since my order isn't showing up on the list. It only shows my previous orders, which have been delivered successfully.",@353118 You can also request a call back here for help https://t.co/zH8UlhTGcc ^KM,Language.ENGLISH,150,
197918,197915,197916,"@AmazonHelp I haven't received my order Tracking #: 447189389074
N the same happened to my order from mumbai. And now your site doesn't provide COD.",@162534 I'm sorry for the inconvenience. We'd like to look into it closely. Kindly fill in your details  (1/2)^AP,Language.ENGLISH,148,
1346593,1346595,1346596,@AmazonHelp Nothing as of yet 😔,@434018 We can take a closer look into this for you and see what options are available by phone here:  https://t.co/JzP7hlA23B ^VS,Language.ENGLISH,31,
1222652,1222652,1222651,@AmazonHelp Will Amazon make the new Fire TV (4k + HDR) available on Prime Now today ?  I don't see it there at the moment.,@406895 Our website/app will have the most up-to-date information on availability. Please continue to check for the most current info ^MG,Language.ENGLISH,123,
65773,65773,65772,How does @115830 delivery one of my parcels tonight but insist they were unable to deliver the rest 😩 why ?? I didn’t leave the house !! Cannot believe the crap they come out with sometimes .. and yes you have delivery instructions 😡😡,"@131044 I'm sorry you didn't receive your packages! Have you connected with the carrier to schedule a redelivery? If not, we can help you here: https://t.co/JzP7hlA23B ^SH",Language.ENGLISH,234,
13897,13870,13872,"@AmazonHelp same reply again and again. if the complaint is raised under warranty period and if @2005 wont solve it, how is it out of warranty?",@118918 The resolution provided over the email is the best we can offer. I'm sorry we'll not be able to provide any further 1/2 ^SH,Language.ENGLISH,143,
2948076,2948076,2948075,@115850 Didn't received any order and receive msg your product deliver successfully. Order I'd 406-3760345-2558767.,@814209 We consider it to be personal information. Our page is visible to the public. (2/2)^SU,Language.ENGLISH,115,
2410533,2410532,2410531,@AmazonHelp @126705 Can someone help please? Or is help not going to bother either 😡😡,"@693049 We're here for you! It's not uncommon for items to be set as out for delivery on their delivery date. Please, keep us posted on your order's arrival! ^JE",Language.ENGLISH,85,
1456416,1456416,1456415,@AmazonHelp U didnt resolve my query yet. I havent received any call from your team.,@458033 We would like to help you. Please share your details with us here: https://t.co/GIJyeYqKE0. We'll get in touch shortly. ^CB,Language.ENGLISH,84,
2790471,2790471,2790470,"Dear @115830, is so much packaging really necessary? A box within a box! https://t.co/yYtFERhRgE",@778830 We're always looking for ways to improve! We'd like to gather your direct packaging feedback here: https://t.co/UEoHIuuOIJ ^TG,Language.ENGLISH,96,
2612285,2612281,2612283,"@AmazonHelp No, leave it. Your sellers are pathetic","@323898 I understand your concern, I've noted your comments and will be sure to forward your feedback internally. However, Kindly get in touch with our support team here: https://t.co/rS49hgaADF so that we can assist you accordingly. ^MN",Language.ENGLISH,51,
2855140,2855136,2855138,"@AmazonHelp Quickly and effectively dealt with in fairness, thanks.",@793632 Thats great to hear John:) I hope you have a lovely day:)^GA,Language.ENGLISH,67,
1421287,1421287,1421288,@115850 This is now regular. Buy something with promise of delivery next day. Then say sorry and push delivery by 3 days. What is d point? https://t.co/ooxJxMHLLB,"@338772 I'm sorry about the delay. We try our best to deliver the orders on time. However, due to an unprecedented delay, the 1/2 ^GK",Language.ENGLISH,162,
592045,592043,592044,"@AmazonHelp After deciphering the drivers handwriting I’ve figured out he’s left my package with a car dealership, which is of course now closed. How ridiculous! Please asssit with what can be done. Needed this book for a lesson tomorrow (teacher)","@260111 I certainly understand your frustration! When you have the time, please ring us here: https://t.co/JzP7hlA23B so we can look into what happened together. ^HC",Language.ENGLISH,247,
1100390,1100389,1100387,"@116185 @117093 I wish I could say the same thing. Today the 64 oz. container of Darigold half and half I ordered had a puncture in the side. It spilled all over my clothes, my shoes, and my living room floor. This is the not the first time I've received damaged goods. Disappointed!","@379624 Oh no! I'm so sorry to hear that, Catherine! We're here to help! Please get in touch with us here: https://t.co/hApLpMlfHN ^RB",Language.ENGLISH,283,
1868848,1868857,1868859,@AmazonHelp Report to db team with my email and you get my order list and check it.,@169834 Kindly drop an email to our support team here: https://t.co/JU1wt3MNIs and we'll assist. ^SG,Language.ENGLISH,83,
2290525,2290518,2290520,"@AmazonHelp The order hasnt shipped yet, but its supposed to come today?",@665347 Ah okay- This may still update during the day to show dispatched. Keep us posted if it doesn't change for you. ^NV,Language.ENGLISH,72,
1191706,1191706,1191705,"@115850 i need invoice of my redmi 4 mobile which i bought from amazon , how do i get that. pls help",@400091 You may download the invoice using the link: https://t.co/vjJ1XVDAVN from amazon.in website.  ^SB,Language.ENGLISH,100,
